Date,Price_Close,Price_High,Price_Low,Price_Open,Circulating_Marketcap,Marketcap_Dominance,Volatility,Circulating_Supply
2021-12-15,25.410690354510074,26.653448145182892,25.36474079309711,26.199302539887487,25873889254.695503,1.5123737001530901,1.0962500879135926,987579314.957085
2021-12-14,26.169573823412755,26.711225833792334,25.011535033249135,25.96477623994556,25642275932.059433,1.1942595842839587,1.0923627448620339,987579314.957085
2021-12-13,25.97844505659811,29.87318848226072,25.546795723889687,29.596654833413904,29229044105.4042,1.2579196678572937,1.0758568248943698,987579314.957085
2021-12-12,29.554265508076742,30.05381042771219,27.32727060947053,27.76785685164843,27422961047.377354,1.19500002497897,1.041702603363657,987579314.957085
2021-12-11,27.818244835855108,28.19421176379923,25.83089816088755,26.432699836071784,26104387596.574024,1.186435026447407,1.0067585473916276,987579314.957085
2021-12-10,26.450607534329347,28.440244775874476,25.730478088846418,26.969307818649728,26634330540.408855,1.1752604390140469,1.0024916596635105,987579314.957085
2021-12-09,26.92429086592822,30.15254743669399,26.819198754644034,29.875616943559244,29504541315.04052,1.2146329313926285,0.9881552794403483,987579314.957085
2021-12-08,29.864258322110796,30.645551029696065,28.06335661214587,30.512150894937598,30133169078.689682,1.2497405768067844,0.9802921858145348,987579314.957085
2021-12-07,30.52331685721644,31.52069030753086,27.74930214401593,28.214303606838953,27863862628.033226,1.1630448919625007,0.9866978445273478,987579314.957085
2021-12-06,28.17155167452679,28.96305665401133,24.870388596548302,28.34393267535603,27991881614.717846,1.1998387167818696,,987579314.957085
2021-12-05,28.353145417525898,29.787795230653362,26.37737547658123,29.42234693851985,29056901233.97312,1.2255692789336303,,987579314.957085
2021-12-04,29.43261814909073,33.87517699655632,24.391603055986057,33.70289222121332,33284279211.89832,1.3279033219332608,,987579314.957085
2021-12-03,33.72942890947273,36.8837214343382,32.531619507584644,35.7938651804161,35349280854.54159,1.3247374510433527,,987579314.957085
2021-12-02,35.77963984619164,36.828875933057425,35.091104898396615,36.78980172494121,36332847184.92443,1.3509719081195173,0.8600372550172518,987579314.957085
2021-12-01,36.79013887979411,38.813277121360294,36.244769038221634,37.98127746372643,37509523978.82192,1.4111607814353413,1.0435440494035977,987579314.9570851
2021-11-30,37.96392864898513,39.385412511287875,35.388596236149894,37.14061061092846,36679298784.22858,1.3712657007475733,1.04878079492356,987579314.957085
2021-11-29,37.14132672388298,37.56791016534799,35.43485477954746,35.79085320832219,35346306293.204414,1.344370841566395,1.0410223935054435,987579314.9570849
2021-11-28,35.787023761739505,35.88484264785554,32.24862586488185,35.163307353133774,34726554987.43329,1.3817777114245553,1.0710597278311973,987579314.9570851
2021-11-27,35.1850045342728,36.01203256471127,34.458776952968336,34.51660610566293,34087886212.474136,1.382811272944034,1.0649951394773722,987579314.957085
2021-11-26,34.5841954006776,39.64716872860549,33.70430255796015,39.449781137828964,38959787831.30406,1.4395388751720837,1.0838555856102854,987579314.957085
2021-11-25,39.49554846401266,40.96249491662158,38.056252789655964,38.302989490897346,37827240122.22883,1.4516104410275785,1.0387517831183903,987579314.957085
2021-11-24,38.30446886661167,40.93147290836743,38.062982899847725,40.77540220625554,40268943777.95347,1.5256265637116166,1.0325751267606889,987579314.9570851
2021-11-23,40.784454795543,41.477345514811795,38.54877241893334,39.49531775591102,39004758853.395,1.5107702016837838,1.0320430852944962,987579314.957085
2021-11-22,39.51214511763748,42.198276247788854,38.84558826162061,41.99854862940244,41476897884.61709,1.562119000449304,1.0136848355984578,987579314.957085
2021-11-21,41.98036057152227,43.61248063129005,40.67112872348133,42.11485079428662,41591755496.94143,1.5424281144708463,1.0034020850457936,987579314.957085
2021-11-20,42.13447293642684,42.13837974632915,39.83527012264069,41.27281377686124,40760177156.103966,1.5491076419437784,1.0060571633504525,987579314.957085
2021-11-19,41.26469173907841,42.33812040128391,38.382833209839255,39.07230407791582,38586999295.06302,1.5341208447017747,1.0432066118011343,987579314.957085
2021-11-18,39.048815284501984,43.29996386090184,37.568285323773516,42.74952443393474,42218546055.206436,1.5744260470121225,1.0073132111214915,987579314.957085
2021-11-17,42.776063084914696,42.798436238740365,38.76998677661592,40.86985348361421,40362221905.744156,1.5191052567849384,0.9686024580314699,987579314.9570851
2021-11-16,40.869628744154205,44.78286848092392,38.21910732753267,44.73885348107582,44183166272.80626,1.5734431502291781,0.9465298137584783,987579314.957085
2021-11-15,44.77016842377551,47.477967910901505,44.52921982674685,46.40984699226619,45833404899.885376,1.5974272750918388,0.92026715475286,987579314.957085
2021-11-14,46.39813326891178,47.84216574912383,45.03167470782225,47.09445671996868,46509511305.78276,1.6320626881325215,0.944905245602342,987579314.957085
2021-11-13,47.08898397443684,47.55778650648997,44.87032160797331,45.966643852278104,45395706646.50911,1.6037943315988374,0.9385214304264664,987579314.957085
2021-11-12,45.91417703358202,47.7520863994812,44.042917471144435,47.54926166406683,46958667260.914314,1.6388705991350752,1.116585191787719,987579314.9570851
2021-11-11,47.47333288216003,49.45882177939392,45.58368258393404,46.87576879134495,46293539631.04316,1.6348555126656314,1.1095370896433319,987579314.9570851
2021-11-10,46.77196296793785,52.06218677112761,42.55618037781115,50.75040518679356,50120050388.168076,1.7185552731289442,1.068037761581291,987579314.957085
2021-11-09,50.77189551437121,53.41998828648079,50.51950090248565,53.363969804055685,52701152742.47988,1.792554311697401,1.0767007185511752,987579314.957085
2021-11-08,53.384789798649685,53.880312535415314,51.67365626885073,52.24099522642633,51592126278.390465,1.8385865208770742,1.0973517377343478,987579314.957085
2021-11-07,52.25335426254584,53.54385202748143,51.35132133519188,52.023278707048796,51377113947.32876,1.8675347913006315,1.1032559919956852,987579314.957085
2021-11-06,52.0697821016697,52.466029125445786,49.04152561534971,51.81820062133593,51174583071.92774,1.882950395158501,1.1292450737688513,987579314.9570851
2021-11-05,51.825283019330804,53.94688094884905,50.63471834676442,53.875932203199966,53206756217.910576,1.9562810191529174,1.107646995464012,987579314.957085
2021-11-04,53.879580919973456,55.13769815748149,52.1906377678306,53.41528153422966,52751827145.81436,1.908560992584969,1.0925880162758497,987579314.957085
2021-11-03,53.36849968510042,54.58131779931201,49.127400023238636,51.676691360860744,51034831453.40756,1.856652618278537,1.1114449332934282,987579314.9570849
2021-11-02,51.70197741672973,53.38801172214796,48.06827812078019,49.99010939834949,49369197994.251724,1.8649016970684014,1.1067007447910207,987579314.957085
2021-11-01,50.01319433700609,51.5967289223674,41.743189888018534,42.77696465889068,42245645453.77069,1.60121947974609,0.9818808639689036,987579314.957085
2021-10-31,42.79949464261955,43.39197197142893,41.03724757747524,42.74477612588204,42213856724.39255,1.6006319785031575,1.0400884346529575,987579314.957085
2021-10-30,42.74882897250671,44.32648321317693,42.126502228737934,44.09120327353688,43543560324.51313,1.63367854327264,1.0350454220305467,987579314.957085
2021-10-29,44.203304922389286,47.33904589438312,41.57017072877641,41.837144357138556,41317498363.98357,1.5951648807985934,1.0160070411305264,987579314.957085
2021-10-28,41.83563779828979,43.10933538395511,39.85185560815512,40.435811577343955,39933571097.2871,1.6322416836218174,1.0597322983847475,987579314.9570849
2021-10-27,40.47973755576293,45.77349762532306,38.767345363094655,44.884275435908776,44326781987.339905,1.7319081285989906,1.0274415564037107,987579314.957085
2021-10-26,44.93038586293188,46.06218917706004,43.311148836087575,44.54520551296136,43991923545.112946,1.6764132854516098,1.0126697579176493,987579314.957085
2021-10-25,44.54737859306482,44.789905076757854,42.116262679691204,42.312822580693535,41787268338.142,1.647271007505333,1.0108037142629336,987579314.957085
2021-10-24,42.29989315926538,44.16736964779704,40.879414399999995,44.01216448801998,43465503254.857315,1.6918810980625916,1.0529456653496805,987579314.957085
2021-10-23,43.9566968618564,44.77556167643023,43.07833190371872,43.469402987879825,42929483224.36383,1.7084778846678206,1.0553250067615474,987579314.9570851
2021-10-22,43.50342577399647,46.39206152285231,42.69469185785228,42.85401022058955,42321734056.81374,1.6658408570540573,1.2409717125579822,987579314.9570849
2021-10-21,42.85132506286143,45.541241039607414,41.89465202437674,44.35659110265245,43805651854.989044,1.6612949289393713,1.25257132117088,987579314.957085
2021-10-20,44.43334463666354,45.223185933354486,41.07704771392964,41.36757162682177,40853758048.65479,1.6101160782367583,1.372095611275666,987579314.957085
2021-10-19,41.35450141647161,41.64145019950224,39.6672129,41.17268176569628,40661288853.1124,1.6432556743533964,1.3787012973791608,987579314.9570849
2021-10-18,41.16949563827397,43.26620032639191,40.258690473166695,42.09293632618957,41570113221.5505,1.6770121088395935,1.388289048851986,987579314.957085
2021-10-17,42.11594040751645,42.87888049100745,39.53561066445318,41.742578493007095,41224107072.6663,1.6693385759166754,1.4099440339567368,987579314.9570851
2021-10-16,41.750256840767356,44.76679839610962,41.27620532207162,43.19330887816491,42656818392.62789,1.7152882466348194,1.409347773848927,987579314.9570851
2021-10-15,43.27896105794774,44.216482211489776,39.43787314599802,40.740477736051766,40234453093.594376,1.6872940406152874,1.4021995642328873,987579314.957085
2021-10-14,40.70925521983979,42.56916393340145,39.3308747013039,41.66504693277993,41147538507.5296,1.7467326551340818,1.416553404368136,987579314.957085
2021-10-13,41.689318717859734,43.24826322948773,33.59627643207757,35.1617577099913,34725024591.92021,1.5411435411266354,1.2744312247725644,987579314.9570851
2021-10-12,35.16532398250427,35.425500904594436,32.08252576082484,34.15366772028979,33729455770.475697,1.4739033702560602,1.3588896367019645,987579314.957085
2021-10-11,34.13609186229134,36.100271295666985,33.255270147886094,34.43215696390203,34004485986.905193,1.536061997913808,1.3732762180589897,987579314.957085
2021-10-10,34.44177664697145,37.45662596874422,34.15309982398615,36.33609987729079,35884780625.02707,1.5799261379129563,1.3625620172523205,987579314.9570851
2021-10-09,36.341377463824585,36.907652414105534,33.004405345035536,33.36669337033936,32952256181.06286,1.4737319499917156,1.3668525201317983,987579314.957085
2021-10-08,33.35673027301948,34.49736821517307,33.04609528996521,33.99056330504968,33568377223.806396,1.4999047574103603,1.363968279880807,987579314.957085
2021-10-07,33.98896094888239,35.317310338500185,30.94153694255877,32.24917208917792,31848615279.763474,1.410996561485152,1.510159885274358,987579314.957085
2021-10-06,32.20880009519815,33.07671443015263,29.12446344975742,31.41444549320051,31024256559.93165,1.4225144487239252,1.501363894686912,987579314.957085
2021-10-05,31.408466229531417,32.160408972424236,30.537702990327507,31.14885175997248,30761961682.813416,1.4614168791898383,1.5128129875379603,987579314.957085
2021-10-04,31.16594632482145,32.12822336351649,30.06117751540794,32.11284200352605,31713978507.16736,1.5130971656011016,1.5177117753574585,987579314.957085
2021-10-03,32.1228974491102,32.70409293681309,31.233135740400837,32.052811854750594,31654693973.962925,1.5191349899269373,1.5247806031209685,987579314.957085
2021-10-02,32.03654822047922,33.40733821660417,31.532802861244054,31.79501137875352,31400095556.482124,1.5268575644916706,1.5323828634199366,987579314.957085
2021-10-01,31.961599894945152,32.34177141755801,28.40279788977338,28.5977471835829,28242543572.878708,1.4991766098840205,1.5425302327690444,987579314.957085
2021-09-30,28.61542955203303,28.98421352602888,27.130458708051876,27.267935457713662,26929249019.622868,1.49468339773579,1.660580923706854,987579314.957085
2021-09-29,27.2688613401945,28.59868680976724,26.117430453249817,26.513064531340657,26183754107.274395,1.464741845164137,1.6670809096344212,987579314.957085
2021-09-28,26.319132266452982,28.382676537387493,26.146846040748976,28.155438887850632,27805729049.1796,1.5015282013907412,1.641857168944973,987579314.957085
2021-09-27,27.72772796012817,30.265303372591678,27.594341913683646,28.830456702932803,28472362680.58228,1.5189364812628627,1.635314620585343,987579314.957085
2021-09-26,28.85240898488658,30.063993196363036,26.775108869980347,29.83534027758575,29464764912.849663,1.5892083283055347,1.6644194332660422,987579314.957085
2021-09-25,29.839034515991493,32.23637041018686,29.438477172597135,30.850757657231185,30467570113.03542,1.6323122562228205,1.6861160735323992,987579314.957085
2021-09-24,30.817809632554372,33.55683048899948,27.926014862263067,33.49182214676451,33075830772.366226,1.6823965044630524,1.7342177442121343,987579314.957085
2021-09-23,33.4305378232072,33.6171174452063,30.387281970025647,31.595685024334102,31203244971.9317,1.6306127936176658,1.6943963285556607,987579314.957085
2021-09-22,31.611692421246516,32.0084378805185,25.916609524420807,26.368904816856233,26041384955.19946,1.489913632683571,1.581816029499802,987579314.957085
2021-09-21,26.38127298528689,30.370078831191858,25.494019723026724,28.19041647758848,27840272193.291756,1.5097887927806715,1.5490855523560318,987579314.957085
2021-09-20,28.30104009891231,33.91616017424509,26.57967029130318,33.82762175009997,33407459514.591118,1.628689023466946,1.5236142558812638,987579314.957085
2021-09-19,33.851976052556196,34.95641481774729,33.03007726409488,34.9141922502472,34480534064.7791,1.6464415529044305,1.4431486255096273,987579314.9570851
2021-09-18,34.87768379292997,35.90517994819737,32.51490330176199,33.02954323832765,32619293684.653038,1.5541004127142073,1.4709552174194822,987579314.957085
2021-09-17,33.029309230877345,36.949366465191595,32.19698633355889,35.525658117750034,35084405107.32719,1.6211929089789479,1.450546957348072,987579314.957085
2021-09-16,35.515863566390664,36.98352147315016,34.036176537414065,36.467462738217044,36014511869.23141,1.6418741438819389,1.4427558876683577,987579314.9570849
2021-09-15,36.48010496777407,38.025288692850026,35.57142590756594,37.395873503626305,36931391136.933075,1.7363137537679696,1.4488659688286574,987579314.957085
2021-09-14,37.37662192457585,38.76818039989326,34.09217610403652,34.81168397820002,34379299015.69331,1.6756468539636662,1.4318219555365388,987579314.957085
2021-09-13,34.85496838602641,38.03696770378269,31.547048054085234,35.8077024804761,35362946285.855705,1.6681314459256296,1.431150628316586,987579314.9570851
2021-09-12,35.801106490203146,36.459071786578335,30.667304101215667,31.55745429197808,31165489091.461235,1.5095326827291253,1.3858884740552049,987579314.957085
2021-09-11,31.572634780083508,32.10460937563971,28.26339050164361,29.180501094666152,28818059281.17487,1.4169393902782037,1.3755324259722461,987579314.9570851
2021-09-10,29.194398415756773,32.66377672186968,28.00157201065128,29.828115301893643,29457629676.30507,1.395956442461296,1.3694668513422894,987579314.957085
2021-09-09,29.839104690102662,31.87627293613344,27.00970025660616,27.324377587324616,26984990099.31877,1.2847995243759438,1.351526858555164,987579314.957085
2021-09-08,27.772921646321944,28.897010893985264,25.21089419699499,27.865900428302883,27519786855.645702,1.3170175725248532,1.3486101671088713,987579314.957085
2021-09-07,27.97204571358832,35.700175343774774,22.65319858844643,34.33115282050458,33904736384.160908,1.4312341504060224,1.212750871661416,987579314.957085
2021-09-06,34.361338028220565,35.09898509034385,32.352779764333604,34.43252886820617,34004853271.903103,1.4499980712402092,1.1963198553574745,987579314.957085
2021-09-05,34.44542701619746,34.790427495997356,31.994757089600952,32.42111904976771,32018426541.311695,1.4113197297311377,1.1876430569943783,987579314.957085
2021-09-04,32.411938975830694,34.141920658326164,32.02860683164278,33.622609423395,33204993581.426064,1.4607773448449906,1.1787833062038975,987579314.957085
2021-09-03,33.58154089566219,34.0270455848555,30.934008938512207,31.805903098716605,31410851993.82197,1.4092176037123223,1.199551684552664,987579314.957085
2021-09-02,31.804807081234294,33.234150395599045,31.28224700939098,33.16344315630699,32759208039.679672,1.4853461086113962,1.2040357104111152,
2021-09-01,33.19786885393008,33.84746273739719,29.618693327810327,30.14825432506517,31028506093.61419,1.4846550678441681,1.1733780363465338,
2021-08-31,31.364300045611742,31.960957620311536,25.632687095848315,26.047310746542397,25714388789.236156,1.2528854564596061,1.111530836984644,
2021-08-30,26.044941285610467,27.59744574414892,24.334771974832073,25.71244125602418,25393295197.815876,1.2102677756965785,1.050095113469252,
2021-08-29,25.723906577937395,26.473936401563506,25.27379179774272,25.98110210775274,25658376146.217087,1.2192615024926512,1.0298555853881537,
2021-08-28,25.97524966999625,26.774406056085333,25.425978246722874,26.557533150149155,26227687623.49116,1.2392594615431283,1.027630488051799,
2021-08-27,26.55004513336808,26.80387007564608,23.458925991792956,23.975442211412794,23677848408.346256,1.1831929698704855,0.9826253101272618,
2021-08-26,23.927443288701276,26.412854776538243,23.46816391145163,25.924588024428903,25652409192.68483,1.2223460341014394,0.9661010570102309,987579314.957085
2021-08-25,25.993118917237823,26.567717126948352,24.472816459742667,25.09465159466653,24788345829.98073,1.209567025550221,0.9193912289443549,987579314.957085
2021-08-24,25.076894950255554,28.181700663971167,24.36090994653197,27.883276211785482,27536966512.960766,1.2835458536105777,0.8347634058968496,987579314.9570849
2021-08-23,27.891404777668566,28.64845268984225,27.340977387431245,27.736153751932665,27378017757.524414,1.30120905557677,0.8141674890478873,987579314.957085
2021-08-22,27.697626070652472,28.54138263698735,26.530759595771876,28.274273531052586,27530133718.295414,1.252658925718225,0.8363745191202906,987579314.9570851
2021-08-21,27.88483190699905,29.363893750205317,27.365352669293955,28.153950479803633,27806217736.192017,1.3206248856036076,0.8132269958846124,987579314.957085
2021-08-20,28.157374935310454,28.486945509014614,26.08185018351087,26.577677203070156,26247668179.069828,1.3000925419850307,0.8708537805875448,987555854.2071266
2021-08-19,26.578486296149073,26.845574409835024,23.33394459592605,23.893483940633278,23594390163.12225,1.2300779956777337,0.8722140430522202,987269676.7293646
2021-08-18,23.881291997236136,25.178690856902467,22.503287266103385,23.54436970091445,23240723597.984024,1.2227637888274991,0.946560589431891,987067710.341219
2021-08-17,23.539930885894105,27.43074290010782,23.01782198230885,24.52512954051692,24132400696.29008,1.2253225409576616,0.9216101916425592,986806303.8936225
2021-08-16,24.451915386363133,25.71389760886005,22.845464802161295,23.175838413355276,22861335066.880802,1.134422719698818,0.9209152521593185,986505059.0212235
2021-08-15,23.17044073659241,23.352406740839434,21.837551471771803,22.860554455728547,22543460977.137753,1.1319937430636313,,986116826.2652224
2021-08-14,22.857522767588268,23.493521114859526,21.79379954482487,22.737251123605574,22417798678.863266,1.1196965313878937,1.0100140787367824,985916240.6924239
2021-08-13,22.737787145144864,22.74543582941189,20.518710805717475,20.7525375178274,20436788746.268684,1.102440339879236,1.021070361162265,985684471.5433491
2021-08-12,20.7683765554623,22.33304916387287,19.940949414382768,21.36998286230591,21086725645.80113,1.1100163147362891,1.001875551103749,985422257.0412415
2021-08-11,21.362308055950336,22.47865952283267,20.55522230306426,20.60409612186372,20298577839.38379,1.0853957290504368,1.0082461184530627,985164594.6662664
2021-08-10,20.612733572942318,21.432225123495563,20.091865658899792,20.5992336799924,20239927489.525303,1.0862383542957825,1.0045116267138108,982556066.7095715
2021-08-09,20.575502170683183,21.275820612908305,18.717465636104695,19.667592311022776,19318679136.553528,1.0885934732523537,1.0118813220177856,982249788.8433051
2021-08-08,19.666335679457003,21.22474696420822,19.207015121167935,20.997156114708964,20619318849.743237,1.1273383145507911,1.0053163489966432,982012912.2113411
2021-08-07,20.985792066869266,21.69936370340545,20.03910554911893,20.43223174575746,20019909291.60585,1.153783438589967,1.033178415026015,981463458.0132704
2021-08-06,20.426099899129667,20.81328951153871,18.515953999663157,19.13703531205381,18775621417.230595,1.1193565391880829,1.0385366024053084,981156747.4378123
2021-08-05,19.133302283418974,19.456449933486724,17.860286165947535,19.162946191150173,18791741332.53581,1.1488402583296766,1.03317957381573,980906418.8025823
2021-08-04,19.1451112904259,19.58810196050978,17.0963363015979,17.390989304639177,17054458270.603662,1.0910627903151269,1.0493916986721366,980646335.5886737
2021-08-03,17.425894947239588,18.551240113431536,16.81323101653132,17.991932465339403,17643195081.736,1.1006767415504883,1.0005285910258996,980616870.5968437
2021-08-02,17.993811614222682,18.942751910663663,17.562596224045027,18.45603055815794,18093142777.204876,1.123593783752067,0.9928104961180709,980254251.8932725
2021-08-01,18.426433474963844,19.907892862763493,16.560998998702118,16.801383983122044,16465985914.796366,1.0029214421718666,0.9866727629133585,980038874.3440114
2021-07-31,16.79134226985703,17.029912389219135,15.586866657328642,15.82568567193397,15493785582.497374,0.9451366787870359,0.9741168856268573,979595804.9643888
2021-07-30,15.80490790383179,15.860910322385037,14.415829118486876,15.24932650964993,14934259561.981915,0.9491322176217291,0.9518693023884641,979357451.4705611
2021-07-29,15.257967113969812,15.39900784235522,14.266096566507569,14.541350527883866,14236499325.30282,0.9152721985250236,0.949961930146542,979071683.1929538
2021-07-28,14.550155502507303,14.765856178221346,13.93362987749808,14.373679643344818,14072338609.39316,0.9139252508755605,0.9531170283576855,978867200.507864
2021-07-27,14.375126141291457,14.550683725335702,13.370348043752085,13.93177855576906,13634405640.80383,0.9227559085482225,0.9596322189854177,978607326.5467348
2021-07-26,13.927934341492653,15.298578783771738,13.644575819200544,13.734309033759182,13436156707.899096,0.9390958143481,0.9537868897137969,978287215.8119397
2021-07-25,13.748335250340402,13.836573676637354,13.095739690225276,13.776178883152804,13474068126.390423,0.9576759791992009,1.0228231659318425,978070825.3026209
2021-07-24,13.762694450787505,14.07067463525427,13.12966998172505,13.413844551043542,13116755499.537209,0.9518814355740424,1.0281758165423687,977841184.1870116
2021-07-23,13.405460249248792,13.521537912633143,12.32571032080092,13.113835059814514,12865197292.645426,0.9679433791722607,1.0569801116367594,977576074.2791592
2021-07-22,13.156216269516523,13.375481997858406,11.803998985047897,12.30754535487228,12029816899.52705,0.9170371604636924,1.0781434849842861,977356048.960974
2021-07-21,12.337488906665827,12.862570149800103,10.67419342618702,10.965280302314037,10714577632.544838,0.885519281225957,1.3071363443643755,977116880.5432768
2021-07-20,10.959323505734497,11.560268258053938,10.37222152336189,11.420973024230415,11197202613.836407,0.895492056156731,1.2198617532433482,976748977.3737727
2021-07-19,11.459230146861906,12.739144592829126,11.355918963130959,12.670642666515546,12366095418.343313,0.9525188297067315,1.2238203491170152,976271534.7300327
2021-07-18,12.653201832019771,12.936487703886028,12.261896336958726,12.294614444684537,12008295672.466755,0.9319075627498209,1.1989075412278223,976075369.2392894
2021-07-17,12.296647261104672,12.747869300939666,11.715043126179367,12.034633888967267,11738276016.442245,0.916391147730304,1.188703805844368,975876101.6606271
2021-07-16,12.026749170924747,13.30991021912907,12.000777108423074,13.111548960319464,12775056073.932318,0.9741548927639543,1.1824220321867613,975546618.2786453
2021-07-15,13.092194180097275,14.11172713502685,12.743096628363823,13.87543666281885,13460209942.654604,0.9967737607099663,1.1780405782868888,975332688.3961099
2021-07-14,13.806217765569317,14.231157101586478,13.16333864270741,14.193896309051626,13849240481.871525,1.0310169487357217,1.3376597925457174,975087947.133705
2021-07-13,14.19211420624674,15.102428288699466,14.009495176029864,14.859243833082687,14479425996.93868,1.055494429353015,1.3602180777569064,974816175.0997792
2021-07-12,14.844048099883835,15.646788833786497,14.394402946658229,15.474423060725938,14851395066.355438,1.0467585493588916,1.3547926530492058,959609840.8056706
2021-07-11,15.47459175031618,15.706639037276915,15.142724313475128,15.281851562844201,14656540450.137177,1.0506063287248772,1.3696288230744673,959398365.1439645
2021-07-10,15.279446746270578,15.989164942452932,15.039261412510664,15.682119975293375,15053511152.9908,1.063521549671486,1.367604615584206,959273291.0532258
2021-07-09,15.675142374012117,15.91213088581074,14.824548500243807,15.322912003484886,14685289021.277853,1.06516407975502,1.3946054401260919,958938158.5040134
2021-07-08,15.321341120815676,16.89369896142419,14.993163475529165,16.869508330394765,16160020242.753828,1.1135119677479373,1.3904826710038602,958740820.0409383
2021-07-07,16.869171257658916,17.68253391949064,16.087663437192454,16.13013752055609,15459607716.21952,1.0643131784999982,1.399076399458379,958135669.0721825
2021-07-06,16.136608614551434,16.20085066098248,15.195702482079327,15.216141163651347,14599425621.22585,1.0330867254689002,1.3893805042300735,957838771.6291338
2021-07-05,15.228246711600411,15.97828847213644,14.578186874912106,15.971578627845917,15293252572.507107,1.0390813625637503,1.3742691908627496,957627382.617465
2021-07-04,15.97657592623049,16.577830821424563,15.165557778467189,15.515248776519822,14864810364.830393,1.0327414350692437,1.38519072464857,957349942.2866083
2021-07-03,15.523522932085566,15.75803934359379,15.008,15.29571766539169,14641802065.925117,1.0429876879283266,1.3902301099200796,957154344.5216564
2021-07-02,15.373577815545888,15.448767993640972,15.148256524967692,15.235240714830907,14531509050.89295,1.0470509131900612,1.47641008449414,956916057.1100483
2021-07-01,15.179140485345474,16.412078083762502,14.851750085737347,16.38145921142187,15694711225.555805,1.076029098795404,1.4759107574181047,956294899.2336409
2021-06-30,16.40491909676873,16.629301175979936,15.090351929921484,16.248860687623978,15583167824.786554,1.0678040957317365,1.5386222116622843,956084423.9666693
2021-06-29,16.30003232044843,17.087544982383793,15.716731713138074,15.748634711198548,15097579459.016325,1.0769639728819813,1.5430107607900692,955852180.0835487
2021-06-28,15.792949824666392,16.025943668264752,14.594392374407642,15.015550094044361,14314027229.336395,1.0338803787895468,1.5543652192177733,955559127.1216812
2021-06-27,15.006190526503786,15.028037258769537,14.033728271176532,14.48951413278251,13848123632.165895,1.064284324408963,1.5737914042822259,955323572.3626049
2021-06-26,14.510834538944575,14.977858382182779,13.623885386793484,14.452821911071956,13782442210.13673,1.0743564128476633,1.5656211776945415,955137289.5135113
2021-06-25,14.422736429209593,16.74166295479856,14.41150171185125,16.24731854620404,15485099075.905779,1.1041835896145082,1.6176390817105226,954765713.0251945
2021-06-24,16.219557457493465,16.605656931939507,14.72832149626948,15.790141943660743,15072479426.505768,1.1099847134990242,1.5848683773345131,954519642.265007
2021-06-23,15.797022406859291,16.830530751969732,13.9458232617032,14.635943948184043,14028311222.054876,1.087305770287974,1.8927638049858015,954293142.6669872
2021-06-22,14.690899142193391,22.7,13.01187245684077,15.780621745107926,15043564774.635082,1.171604637768771,1.97619643842776,954080440.6527126
2021-06-21,15.71464326873113,20.788444576889834,15.373572553990986,20.62053840301363,19679237888.204376,1.3150158529072427,1.9886307259978537,953804291.780541
2021-06-20,20.613925093154876,20.99983432166073,18.884623421327568,20.30517981695132,19283939964.178288,1.3038158441209267,1.8960013490129555,953484436.1796688
2021-06-19,20.224669363794956,21.63588622469726,20.219206558255486,21.36576404247403,20436831111.428474,1.3574876339248687,1.9679242030614625,953285681.4214084
2021-06-18,21.44214245520815,22.566112251695802,20.2078563223994,22.4987599560451,21470200951.95459,1.3459392747047587,2.3453119793981037,952936545.6966141
2021-06-17,22.53069942263508,24.004,21.99517293867982,22.984025379838275,21939109232.72984,1.3804034192725454,2.3503528785083723,952672583.1877612
2021-06-16,23.02682789999962,24.581097102691892,22.48504486512264,23.996999372685337,22857045506.75709,1.373569320798145,2.3669741224574223,952609066.3178214
2021-06-15,24.359635990208574,26.016555936787512,23.53679272231976,25.916759968345154,24626113908.23947,1.4564297378726323,2.3653873550817224,952323627.1152805
2021-06-14,25.868088999508505,26.057059228252097,21.240552231220004,22.036366856340027,21015446797.349117,1.2867999540451993,2.371617782325417,951980573.0350021
2021-06-13,22.043123156413156,22.407973146231335,19.93902456381742,20.74571346286011,19743249449.02742,1.3012224432570738,2.3999860405128004,951770106.4109747
2021-06-12,20.74452016959568,21.268463742761387,19.52122019856061,20.9603445771082,19946991812.02455,1.2849491274827498,2.468722751112191,951579120.2917027
2021-06-11,20.94934029676035,23.20788262402733,20.490301962416588,22.671200344319026,21564635513.50913,1.3678741504056857,2.485904019528761,951254224.7269136
2021-06-10,22.68961422386382,24.613107144351055,22.05594366735761,23.176562670119576,22043816506.96889,1.350412612669969,2.4853990668637556,951038999.8282301
2021-06-09,23.220239934393813,23.345164847602543,20.37988143280732,21.738803644616315,20594273728.342716,1.3533161158668383,2.503412559250974,950795505.8337597
2021-06-08,21.665969241188773,22.296871344833715,19.61205021163184,21.629974722171777,20513540897.304676,1.334505507109351,2.488817897937955,945698274.0839323
2021-06-07,21.69573387474691,25.305324266615685,21.314860890091836,24.183475841567965,22865194617.361206,1.3952691854873447,2.4889410489421295,945461319.1112204
2021-06-06,24.188445276518458,24.478246847009707,23.562477452621184,23.783711246608604,22477556972.981155,1.3919239160892556,2.470256178768421,945249891.854746
2021-06-05,23.77904458062622,26.406015639982257,22.862485492149123,24.99633838960084,23619355714.5149,1.4250165279769174,2.4718941956161706,945045392.2101723
2021-06-04,25.00641560195257,27.01904328903401,23.62103226410491,26.99960262438458,25508754035.755657,1.4464038064937563,2.5331828479458713,944731435.0738673
2021-06-03,27.008255224013475,28.632010145455748,25.681301060473114,25.938678351297376,24492922942.70225,1.4505534811630103,2.5306179231266794,944270938.4721895
2021-06-02,25.916787466469412,26.868131342838637,22.64799000345194,22.81699580241903,21548018711.904907,1.3180324471093348,2.527253715065151,944044728.291606
2021-06-01,22.83213076599827,23.55902133442555,21.67091302570266,23.38437465920992,22065524044.777153,1.334212181839843,2.48201400508692,943533851.5800701
2021-05-31,23.277198708216044,23.4598,19.07063026688151,20.45841270130491,19322157155.79629,1.2534981459696137,2.4818107956001403,943085463.3969085
2021-05-30,20.47701994432414,21.347000085846826,18.435925518780827,19.914627823988273,18713615629.638874,1.2618476585400977,2.4341833118021747,942888166.6911902
2021-05-29,19.889414729407722,22.40667621362858,18.80527297010839,21.41350785188975,20175865613.703865,1.3012137024134254,2.4410566137701055,942679492.363443
2021-05-28,21.355270046284012,26.243106184117543,20.07763712409246,23.852930955715305,22481983539.582504,1.3333502871508405,2.4319350425794304,942384602.4632736
2021-05-27,23.99922430461985,24.972529887382738,21.784571235415434,24.52126843217751,23124814993.281517,1.326787561671086,2.4123008967479573,942121180.4154445
2021-05-26,24.55975735288828,24.801392414072662,21.63249323465667,22.204080107400344,20875696490.279827,1.2603237871055262,2.4452666052801786,941930941.97236
2021-05-25,22.181897976774174,24.259463190597568,19.636637527582376,23.205891700641253,21905251561.60197,1.3187092042386899,2.419749806635268,941563640.7595589
2021-05-24,23.29494605210067,23.650847166604528,17.127571815268386,18.001991733093835,16852826905.216722,1.1940347961141178,2.4395438965667102,940123358.6789247
2021-05-23,17.94219598173311,23.968897566504673,13.615191112537614,22.021547062168075,20736299656.07157,1.3453444294242134,2.2031885340182162,940012501.5068557
2021-05-22,22.080602174268545,24.686980358017248,20.33568360573135,24.438424122761518,22987328859.294018,1.4454896316089187,2.1176068628930027,939667696.9213257
2021-05-21,24.442556997577462,31.050056437540967,20.01591653273984,29.1614888818905,27290968504.04932,1.5313262525779376,2.0993380371014463,939472139.9724214
2021-05-20,29.012983898976824,33.30532338077914,21,25.24435417923035,23667116886.011963,1.497147999169517,2.030690902069797,939255030.4137126
2021-05-19,25.114676919186984,41.43646766659656,16.499306009317966,40.65865339745922,38154421074.33534,1.864973709877426,1.9750407393105873,938994465.2795042
2021-05-18,40.61938128319737,42.6402250970216,37.68033192058893,38.78560490747696,36392054282.194176,1.7966361018888992,1.528160584952524,938715605.5969216
2021-05-17,38.718796832974775,42.52632591042704,35.14618907185987,42.500466793407014,40038332521.823296,1.846653321630291,1.5208058104374382,938502096.8648714
2021-05-16,42.456043314622065,47.06120435162046,39.300436489178885,43.58981630420281,40908995691.93303,1.880531269074186,1.495133745673896,938296164.0639204
2021-05-15,43.64812064930669,49.850767257877564,42.72287556442607,48.00935029099005,45064550485.07232,1.9329737147690313,1.493056321217499,938006115.0912156
2021-05-14,48.04624408981625,48.09014375797271,39.434602929540006,40.00546291014962,37513108136.835815,1.68054270587486,1.4562245891754877,937593494.0379622
2021-05-13,39.988589892657394,41.992343084476786,32.858799838418555,35.141767930166964,31927874197.182606,1.4691078626258367,1.3061718743137796,937387943.0423642
2021-05-12,35.062525838317974,42.53442667442869,33.56515775497704,38.70801571921607,36300194467.67795,1.4542898782170028,1.1628103387556086,937177787.3047616
2021-05-11,38.685554017613356,38.73078375890277,35.548,36.5558743743926,34221855050.432217,1.4266049787883242,1.119802465248542,936892981.4717882
2021-05-10,36.52156872546144,41.87281928116285,32.218372630954946,40.38534300512763,37788012695.47539,1.5358425014049188,1.1028839937559438,936531905.74914
2021-05-09,40.344430549949976,40.586302879180245,38.178,39.913365624839244,37389594160.345146,1.5148544127020664,1.0549617330877186,936304840.8017105
2021-05-08,39.95782836896679,40.69192713853177,38.752774981761505,39.91657375206304,37343190984.19279,1.5646271787119268,1.065476803112588,936107140.4140962
2021-05-07,39.903729904019436,42.82047867962796,38.39676760555564,41.5756010211462,38911359541.263115,1.6455230860470107,1.1081420077012902,935894789.2927355
2021-05-06,41.59398281697083,43.789353299440016,38.03980366357972,40.537235488082715,37825845474.863815,1.587430603729192,1.1145608911242866,935493780.9475588
2021-05-05,40.48014973333651,40.79835831382921,34.547790828015565,34.85621968966001,32517438909.475616,1.49770307453785,1.1162374110960114,934994581.0623517
2021-05-04,34.797291247871264,37.95427642580613,34.4576,37.276953032807604,34838750029.90818,1.5131584750449945,0.9894243770119747,934810427.9533592
2021-05-03,37.27554532215405,38.326461544797155,36.547,36.64304296191433,34244040438.705025,1.5540908621315475,0.9665427078817366,934500915.5453899
2021-05-02,36.65045175387871,37.200439247244475,35.519754978208375,36.946308304298405,34491133525.4011,1.544142214538175,1.0190034816879472,934339969.5797989
2021-05-01,36.937495316563634,37.41730501843947,35.822928079437666,36.578629107447426,34115034277.527775,1.5556546534168756,1.0191397454220275,934159526.1989013
2021-04-30,36.56070937380716,36.83569472659332,35.098233530763515,36.008088222876324,33608105270.390907,1.6242055971530696,1.0633994576062267,933788735.9919497
2021-04-29,36.0059045880665,36.025486120339224,33.003643804881214,34.01998459776676,31745497570.02285,1.5200124748321189,1.0635270678862447,933549871.2050943
2021-04-28,33.99549455911151,35.442124419784236,32.596396437522756,34.86501526837398,32522621661.461136,1.563066628398904,1.0682831056535402,933312688.0415714
2021-04-27,34.85695255309788,35.006724396520234,33.183146288386816,33.41547099949484,31183941333.758144,1.5530823200739166,1.0653114697163553,933100576.4192421
2021-04-26,33.43022116976347,33.58525406339406,29.787462954115394,29.889333565582834,27851304531.97846,1.5302627624990117,1.0587325769556377,932768271.2182639
2021-04-25,29.861999339303818,31.362518195517975,28.0951,28.971000348163088,27077332231.759323,1.486239218899355,1.0500044312281063,932558333.1685674
2021-04-24,29.00675100271324,32.455162138448344,28.560263650027906,32.31762258269667,30120606844.906925,1.5937712165937419,1.046760939964111,932320697.6266594
2021-04-23,32.275211443783135,33.502934589478684,26.825152918851092,32.96486510054419,30701634442.53247,1.612241432719445,1.0638321477679467,931996339.6787454
2021-04-22,32.96146160832785,36.79000484761393,32.77720425905468,33.85125677038231,31481799680.46925,1.5892892781347427,1.0663290848552156,931765533.8109639
2021-04-21,33.797359046019466,36.31764597530521,33.0605380896949,35.4862032241784,33051174608.923397,1.606024964574819,1.0712048307881332,931543322.7989067
2021-04-20,35.46382094004365,35.779389726404695,31.25161257103382,34.82973379965065,32384496603.427753,1.6173717111051238,1.0600987056268074,931226949.8030018
2021-04-19,34.771114067119136,38.82789248575719,33.99669421212835,37.786,34847006058.20606,1.7062746812873448,1.0609750749061055,930989386.4983221
2021-04-18,37.42620820125286,42.784991081188004,32.41133565510521,42.161087761671624,39146908223.16008,1.8136131836108151,1.0676248682052758,930775025.9665996
2021-04-17,42.09294359643895,48.453710054452934,41.39614610272957,41.470733516027785,38543650866.38248,1.7385660923903528,0.995665666321377,930058631.8628609
2021-04-16,41.4373945321446,44.83691572461473,40.072688821024826,43.535000535317664,40429432022.632225,1.801581573700599,0.9961966022413649,929735822.8525933
2021-04-15,43.46710742552881,44.438567982916844,41.23119367107812,42.585652471995836,39512818032.743126,1.7944349098708055,0.9816573259557898,929504010.942305
2021-04-14,42.4875043666108,44.57860512171073,40.06266850639578,42.99218896162269,39902584373.8505,1.8279280719639597,1.0086520226166635,929249169.3167473
2021-04-13,42.93951059051978,43.3689658734135,39.793118981220516,40.480707396037346,37583611530.46086,1.8229503390981925,1.0106558797012257,928971933.3356922
2021-04-12,40.445978415463,41.74867118825938,39.356232386992986,41.32947095482493,38370321939.381035,1.87098163548108,0.9967285026847391,928713982.0304278
2021-04-11,41.28959857448809,41.86512317616819,39.91668688309053,41.59940844975409,38585869736.72,1.9022711356564186,0.9982027029026251,927961400.9910954
2021-04-10,41.57414763920114,42.729373316185715,39.940595950289904,40.75298671982077,37834928226.495384,1.926645656059043,1.000953221193855,927744791.650713
2021-04-09,40.78754546338722,42.12575835323143,40.06046286223068,41.36734146726519,38308437648.85776,1.9511272472226258,1.0019813957120691,926801234.9582591
2021-04-08,41.32160297286093,41.59207016072807,39.21619395654822,39.49891092135111,36614650273.23247,1.9584860998662392,1.0445582938658202,926504401.3561808
2021-04-07,39.51327880496319,43.506799971047,37.67635731263281,43.33964435113288,40153415896.57076,2.0406965433025497,1.036072209209042,926259400.7079853
2021-04-06,43.34547850842294,46.25995324840438,41.57889543428339,45.78232054130187,42407968073.538475,2.1480192164017766,0.9944124767431894,926027100.729723
2021-04-05,45.80770540955718,45.93592750841896,41.82512789524829,44.41171232180998,41045744887.68398,2.132477845699666,0.9723700997857333,925924767.0616001
2021-04-04,44.31918163019687,45.097989646740366,40.68115846613785,41.33118067500012,38416652154.31845,2.0685137489573773,0.9872977045047314,925709178.4939423
2021-04-03,41.3796219710408,46.812321954477355,40.91438531263439,40.992080685537545,37946890652.66617,1.967120063370776,0.9835733373093816,925491909.7858012
2021-04-02,41.03614137930302,41.48041965634085,36.58744510947771,37.60539015876226,34660903776.03007,1.8371856430379947,0.9855391848780974,925062533.3988696
2021-04-01,37.44541893887961,38.98664218861621,35.99314891383891,37.000395305609814,34279872212.08796,1.8307398402585582,0.9352925332341794,924820816.0768149
2021-03-31,37.094670340345836,38.28895549608044,33.293330299617175,33.99580157124701,31422835543.37845,1.6946444035010093,0.9508395030804465,924530069.3299217
2021-03-30,33.997000690102695,34.81415011143525,33.48228606556591,34.378913857638494,31741332077.231644,1.7461516165661515,0.9014081392639158,924324008.9188244
2021-03-29,34.34583365263968,34.81,31.73508661156011,32.237698359765844,29781324763.607555,1.702719305265669,0.9277688078540537,924079445.0683583
2021-03-28,32.23036110830737,34.025,31.22947779613896,32.59621523448083,30144439870.74859,1.7236483128628897,0.9025546523984782,923855479.0883557
2021-03-27,32.59472216970885,34.575,31.11326743380762,33.221933742079855,30672807892.67334,1.7731212068693067,0.937656577311383,923631918.0592864
2021-03-26,33.201197736410606,33.425,29.799428324921717,29.85170454323917,27522370808.237297,1.7124514935903496,0.9396464935186885,923308644.1525298
2021-03-25,29.811877027040033,31.268737028192454,28.35073774369813,30.33991488218728,27891923030.696217,1.7164679884474208,0.8920259471374687,923021751.9410983
2021-03-24,30.217517443205544,36.161,27.383297361720974,34.234743195816826,31548773353.159966,1.8562812093117351,0.9037548554548409,922823410.8451631
2021-03-23,34.21429211664003,36.677359766594265,33.85612583765727,35.360114122805236,32527812802.646187,1.9183861562560425,0.8227741606857499,922606580.2191126
2021-03-22,35.258576257406595,37.78471606049672,35.05208691182743,36.745852154582366,33833854624.263126,1.8944543355536876,0.9127101704901832,922358291.8077615
2021-03-21,36.699097976869304,38.10178480959315,36.11062161231971,37.22650081273319,34325305816.973946,1.908026515753225,0.9850253556868592,922134373.0771563
2021-03-20,37.2401671930656,40.10241570948451,37.095,38.16023064854443,35197218187.80552,1.9565296934095058,0.989633287807943,921895431.0236663
2021-03-19,38.17782599305302,38.89874096185861,34.576410280482285,35.35247280405611,32554346187.40884,1.8380846034896845,1.0018944367634288,921587861.7538495
2021-03-18,35.336459822420856,37.01747853159495,35.29317158495588,36.24312828401168,33264348325.84683,1.8374190130680894,1.0024529922995598,921053228.0592253
2021-03-17,36.11286731705102,36.48216388595776,34.39864039751641,35.41553955868116,32614331530.013348,1.861654253581695,0.9996178990486166,920788352.7499293
2021-03-16,35.41087344860838,35.59501903856642,32.07398139739242,34.289144814138844,31592586725.687637,1.8476186385193871,1.012911446086464,920571126.0053937
2021-03-15,34.308823807367936,38.533851770459584,33.91194959128815,36.56564590934494,33661118891.67595,1.8813261626817803,1.0157010564718223,920355510.1853895
2021-03-14,36.45291726370746,37.9891994930512,36.25902198509228,37.159581468620566,34177510900.031185,1.8521181391719994,1.0872651834691114,920156824.4783516
2021-03-13,37.14296026563547,38.26390586822329,34.70158465194623,35.961188570605046,33088260072.88358,1.9129135324928122,1.0930618787513837,919304679.1997736
2021-03-12,35.967650023343516,37.49509502027905,34.40941408668012,36.907957819269996,33926583597.143387,1.9283557733276981,1.0916598290872728,918941786.2338301
2021-03-11,36.915891879181075,38.06035204579282,35.87149800229686,37.67292028931525,34602642576.65603,2.0184036118309434,1.0834681304547724,918609551.307163
2021-03-10,37.56281844216439,39.606858654656776,36.24585296735501,38.25033268182179,35110511947.9874,2.047322891796889,1.183918088658441,918383538.9977427
2021-03-09,38.21712198837743,38.911,34.539356306914044,34.93919883968668,32048785497.99517,1.9623240915699052,1.1900828828882482,916282550.8952265
2021-03-08,34.9923937716863,35.58492191531744,33.44702514293455,35.118234513531704,32172497057.730293,2.0271248930725143,1.1722540916925996,916087269.6782134
2021-03-07,35.10966786798522,35.321,33.361928535074526,33.39344077584905,30579098806.318012,2.0102065971250904,1.176704819972582,915853852.6493068
2021-03-06,33.381695738188625,34.19732689936157,32.04691054129172,33.76711358990158,30844971692.863445,2.048844408911447,1.200053724580714,915569493.145784
2021-03-05,33.62740379228199,35.314325467355,31.360853259097237,35.30427143643589,32257434864.52299,2.159147353634409,1.363982497168801,915161263.8268886
2021-03-04,35.22986910636125,38.457272587697,34.33748031185114,37.079889030428156,33921179705.34972,2.1948521387140016,1.3443379806151896,914859959.9579285
2021-03-03,37.08425890394963,38.69654517288925,36.092878708194796,36.18558249513865,33149700637.230267,2.230605693412231,1.3181800161345645,914626129.4313233
2021-03-02,36.180123237305885,37.926241109676766,34.424553278869574,35.69665207463107,32624591743.174667,2.1409225612873692,1.3305961177709744,914414276.7695163
2021-03-01,35.665953737882084,38.712,33.05103073930849,33.7197716728504,30938693713.519966,2.224712943761248,1.337586842821593,914190151.324966
2021-02-28,33.860637711851105,34.61803307486496,29.734217453161722,33.45543180555302,30593327970.178646,2.147283935804329,1.338133131506556,913854621.8657097
2021-02-27,33.49249774864307,35.66552878938446,31.23369722909488,31.286658820775838,28660482109.70081,2.0239643308610034,1.3561849440410862,913538632.6445106
2021-02-26,31.44151429387648,33.54997867274852,28.007084930497754,30.976241784494473,28454173069.980194,1.9998352104340742,1.4113533704760246,913314132.7682962
2021-02-25,31.236772796473716,35.3093570722747,30.817762080860625,33.745260495359325,30809486156.63655,2.02575956809211,1.4136675131981362,912983774.4697007
2021-02-24,33.68041902811327,38.673,31.628924902750597,34.522850231180676,31536729504.58814,2.1264776902861677,1.3928918663216827,912291981.2163609
2021-02-23,34.56344145554953,37.82620862116269,26.211624570604897,37.697792777349186,34333571780.424294,2.084021332573741,1.398941292921613,911798162.7394387
2021-02-22,37.65861270989415,39.798,26.04327569855431,39.6454,36081605515.0305,2.0651560373198135,1.3703138099545564,910279802.1756402
2021-02-21,39.63647330192789,40.57681646688284,38.05247398158764,39.18401792086509,35639375694.78608,2.097900520999999,1.351665157298462,910060648.2923515
2021-02-20,38.97255733412948,42.568,34.69718313987932,34.85380312784574,31706437617.908546,1.8521310237252175,1.4323176757490264,909701521.4412128
2021-02-19,34.85850540289499,35.06190138726829,29.464387389994762,31.09044407212571,29157665561.186886,1.834691670874974,1.4183781436707916,937335001.0403141
2021-02-18,31.111385475593114,32.61762583520741,30.549786302956484,32.03204679446734,29107333589.992317,1.8454982917740634,1.3854068807083735,909048655.0687242
2021-02-17,32.00446931214718,32.437851587299534,29.61904612218917,30.080668330951305,27356194015.041325,1.82934288529264,1.3859268563544633,908804553.1819048
2021-02-16,30.093649509146438,31.045846598228405,26.826531046132352,27.825303201180667,25288036086.168053,1.722548095306474,1.399289629496523,908551290.9372691
2021-02-15,27.810199183700743,30.560481206012607,23.128929353669218,27.008640014037788,24484931303.450417,1.6420414377451478,1.8155077155262407,908214905.8058428
2021-02-14,26.905421884750172,29.779204916176838,26.423521184928557,28.007205220169517,26554620804.297913,1.7971406328136554,1.8785972876241555,948384502.2829868
2021-02-13,27.9887249590995,30.270369263896473,27.258425775524717,28.718011813626013,26046718431.5084,1.768855247656071,2.116521336082373,907658525.2314156
2021-02-12,28.706935899299722,29.77969692698831,24.493116430588664,25.16066289226663,22762740784.869957,1.5612722287239473,2.306758773803847,907318278.1175771
2021-02-11,25.02777129696598,25.728016900892126,23.24844985850276,23.58449270189744,21430104638.041435,1.5587302165978105,2.283120228013271,908695085.5092818
2021-02-10,23.600314968065405,24.877405109298135,21.967286588412346,23.188936238116412,21031727572.004456,1.5121955999911916,2.3324513387387698,908494901.3796256
2021-02-09,23.119254908834638,24.2,22.241858941321645,23.089517912487967,20945033812.880714,1.5304089143421398,2.3480340068356607,908261949.3375959
2021-02-08,23.019902069609977,23.724416114192532,19.2013796321285,19.7741,17969285508.75126,1.5110802216060362,2.3468990519685944,908009246.9430609
2021-02-07,19.770094943833858,20.82762031673479,18.479018206609865,20.35400709921985,18502726811.041084,1.542542145199456,2.3128884484179215,907572964.0318661
2021-02-06,20.385321706405033,21.934087287474085,19.73291478692036,20.873509648623866,18913508526.98668,1.5958578358474431,2.317126556989753,907321882.181445
2021-02-05,20.848452105147828,21.413647757388798,19.37088681340051,19.754407378172,17888496382.318687,1.5942320212803056,2.3117407541682615,907059451.3407776
2021-02-04,19.691897943034864,21.756712435334798,18.951821778043648,20.929460089874635,18948677883.86171,1.6647409707372502,2.3095098209610874,906693182.5495521
2021-02-03,20.882754470660096,20.956547508051028,16.80826314800529,17.252883252542922,15621736250.98477,1.4557352741029905,2.317299771216158,906453966.0880978
2021-02-02,17.18538320485685,17.671119857712604,16.02814273885322,16.428758703547278,14888795923.37245,1.467072807553518,2.243870174215828,906198021.9919226
2021-02-01,16.443066300647295,16.565409120223137,15.631476786266782,16.12199249489115,14610766146.87533,1.468683659147186,2.2618599483811064,905832287.2283417
2021-01-31,16.13181179176062,17.55725446434859,15.674908322703489,16.51766403235845,14984461141.593624,1.4614486726592975,2.3021696984553146,905620397.7093084
2021-01-30,16.555074766864877,17.086144508581874,16.135910249431568,16.81853679722522,15220018845.024597,1.4976426456227794,2.452256905921814,905448429.1007488
2021-01-29,16.802422066685686,17.814417367155357,15.815107009458744,16.882634274286815,15286905660.473446,1.5460464825403462,2.4584570138924327,905202711.3957988
2021-01-28,16.914760441775655,17.527639610679998,15.294720957944234,15.510244781736487,14009440572.71053,1.546979197109394,2.4840268330642408,904961064.0576409
2021-01-27,15.46228014321844,17.151858193822708,15.021723122922591,17.14656254806838,15500854162.89924,1.5979948444761982,2.6118804904905795,904737289.101007
2021-01-26,17.123589446561002,17.795816848243344,16.013755258410924,17.200647833651757,15563935772.507362,1.6259194503713232,2.575461909573262,904239965.2755833
2021-01-25,17.212306876348936,19.174449107750164,17.077911333268034,18.0072,16261592140.226524,1.676125992335808,2.5755002708661987,903831754.7011366
2021-01-24,17.996279527750538,18.76502267785954,17.253820271296114,18.69963961120673,16921477479.998854,1.792254299904461,2.5603718204998813,903340053.4527013
2021-01-23,18.76027927629838,18.825055775498054,16.81696367660086,17.181092622147126,15509540407.444992,1.6199395219673396,2.5477635072625255,903121032.5690888
2021-01-22,17.14087689279019,18.03930042051644,14.725257090739316,15.93078887802137,14420645201.800041,1.6228500207570415,2.5806157613728535,902780011.3134685
2021-01-21,15.976664383842165,18.154135580322322,14.957508016004208,17.91772268208913,16210646555.84437,1.5759220573588175,2.5788785964190946,902435459.110184
2021-01-20,17.989507839850745,18.215746310672323,14.78462960149877,16.43531104770587,14808337590.525265,1.4314163172926957,2.5509296003436224,902182035.6648475
2021-01-19,16.40217259006195,17.783,15.905552500391453,16.552669437058004,14932975888.777502,1.4422233695592666,2.5552097011551913,901713325.4160426
2021-01-18,16.586467069874086,18.208521088837085,13.39840756714125,17.06036788174962,15413655789.002317,1.520696405349127,2.554195956176352,901230177.4011989
2021-01-17,17.08432585726874,18.388062639962932,16.301528760862624,17.976602725582225,16202369330.810873,1.5980490117825616,2.546396721524533,900805036.4712279
2021-01-16,17.984083395136796,19.415425262354418,13.173727583827725,13.227342631431368,11858111669.39197,1.1706835072899608,2.5324466470849987,900097876.2955552
2021-01-15,13.166386514503687,14.941104647525057,10.2,14.586572912982044,13122701528.866945,1.229629724252052,2.2760638408799188,899835240.4710996
2021-01-14,14.476695716145084,14.702905319131164,10.881914057937765,10.96719987266856,9852913562.363274,0.9715471911505036,2.223308724169151,899570784.064278
2021-01-13,10.947082572941918,11.623928853415242,7.970152076605492,8.301655577913568,7480793177.722929,0.8053797008531273,1.9982430007779806,899192120.5958201
2021-01-12,8.305935993430552,9.354,7.919849554674372,8.291829600280174,7439851798.768445,0.7730398552851857,1.7338072140401608,898744234.6078199
2021-01-11,8.276698047200059,9.37,7.14326354437712,9.314894479833555,8341366364.011564,0.7963488405548693,1.7329136864649228,898558017.8468597
2021-01-10,9.291790925480743,10.018701833263819,8.62,9.779964797415758,8784638985.013815,0.8049620191666688,1.6867378139203268,898350344.0079366
2021-01-09,9.772465552998591,9.845481559653193,8.91738071623574,9.318414343200612,8352908379.63563,0.7746444729453625,1.6726757474687137,897979977.7171774
2021-01-08,9.310383703373198,9.82610500594713,8.79090342812209,9.666101952357112,8671254896.029657,0.81863685899048,1.6705614944441085,897785810.2454675
2021-01-07,9.654943496155282,11.8,9.111,10.110672828293996,9060842415.543638,0.8983268344459286,1.6838571202818895,897347469.1924965
2021-01-06,10.092220337606697,11.5,9.478425026937217,9.725035115420798,8739063278.82442,0.9435659039214518,1.672996170358429,897192474.3715911
2021-01-05,9.73637637691122,10.089819576420231,9.018679062276075,9.488122774376954,8524009323.269283,0.9723230166686612,1.6765809991270364,896780104.408428
2021-01-04,9.518780667284092,10.544272102610849,8.620534609231523,10.05867859839993,9120377441.675097,1.0270050656688257,1.6770502947711097,896530965.1649016
2021-01-03,10.14389691251234,10.512387615490569,8.849875749724493,9.212998389550288,8257955778.028303,0.9927703713800226,1.6765810525457112,896319230.3989576
2021-01-02,9.207841331412599,9.874340849696674,7.908103599666062,8.298000297588057,7430538684.212358,0.9644808457586215,1.6587591625114229,895996962.9195846
2021-01-01,8.297072245551046,9.699,8.095321192056591,9.274762675955971,8296328903.88741,1.0895972983396682,1.6398159841820632,895159787.9788843
2020-12-31,9.270991369557777,9.527234621337982,7.149587146022841,7.247133325023892,6480849972.195844,0.853417862691936,1.6032784786182497,894941668.4989133
2020-12-30,7.235388429797128,7.899,7.055102668739037,7.511661370607008,6734137858.207191,0.9240466198364754,1.3265504069914014,894740139.9020746
2020-12-29,7.534460525627527,7.701000121686456,6.157190090654958,6.603769699987396,5895965795.854192,0.8142593621228285,1.3238944348382637,894327735.0979779
2020-12-28,6.586413628177127,6.6903450331938155,5.10298795167472,5.147960961323103,4596640112.358659,0.6573183238044478,1.2484917802760913,894107647.9878992
2020-12-27,5.139233726077287,5.418263186577302,4.915073656285236,5.193087385319764,4639055423.29528,0.6643966978746888,0.8207138788170583,893912000.2913188
2020-12-26,5.188187610261628,5.290205523785127,5.076126837923562,5.20711832152725,4658354066.966917,0.7016256022293944,0.880799433452999,893677428.8860236
2020-12-25,5.209133854738492,5.282667793814892,4.993,5.119297248349776,4577160323.826606,0.7110729362432151,0.916339787010733,893511643.1436775
2020-12-24,5.113086687749317,5.198880804665395,4.6326459894145025,4.717907272636161,4210903055.3821397,0.6780537752199384,0.9188610649085907,893241706.1527237
2020-12-23,4.715929133454504,5.1942142982469335,4.58513353879885,5.158196004074808,4602122138.577513,0.7016752840794508,0.906171251360045,892954460.9210566
2020-12-22,5.153694750982059,5.182999737910968,4.7957882189779175,4.875271981372858,4349578087.237988,0.6896124957519335,0.8713477758912833,892544266.4680547
2020-12-21,4.970736274909225,5.448492367125239,4.775517103049199,5.190819522436344,4625496999.082081,0.7057508711851831,0.9202213505640634,891992109.7574717
2020-12-20,5.1392999925372305,5.549,5.077205858483179,5.339901964128948,4762131484.480132,0.7145865235917424,0.9583429332282887,891796832.2922645
2020-12-19,5.342191479325094,5.58776454419917,5.249,5.3670305634263356,4782831894.40639,0.734307506894988,0.953569785816172,891625714.9903864
2020-12-18,5.362387385991564,5.545,5.2441,5.346028895518276,4758862496.7864,0.7424925423253401,0.963781893943863,890476126.3117594
2020-12-17,5.347870159613493,5.7491190311299984,5.264008870410295,5.3719669468805025,4774803736.431425,0.7799138552262646,0.9906788957003381,890266296.8119091
2020-12-16,5.371082578767741,5.426,5.1161855662855915,5.244738664135183,4671805293.803281,0.8314860218245463,0.9922261891677869,890036870.9674186
2020-12-15,5.239235801075928,5.2982,4.844481095115386,4.897054159656057,4349315037.608573,0.7778990187387056,0.994819056241296,887700309.2409962
2020-12-14,4.896034951599854,5.043,4.825734694121291,4.8945,4344467676.486296,0.7794457022271187,0.9732037241266969,887294345.230773
2020-12-13,4.892044219241721,5.02,4.728433492443648,4.737429068246187,4204513797.5361347,0.7721754846766089,0.9777459809358434,887144802.393343
2020-12-12,4.739893199372969,4.976,4.604189245285694,4.613805619301207,4092499117.164335,0.7776579914982146,0.9738089475550347,886946101.7569299
2020-12-11,4.612413369015262,4.814544538863931,4.558447696037114,4.798654365722881,4259964332.3095713,0.797667278435368,0.9703882689554773,886690351.4354962
2020-12-10,4.7998294888977755,4.932,4.7378974170687345,4.860737168526663,4315781549.770283,0.7926476544687832,0.9599863019974252,886461989.5974491
2020-12-09,4.873285684442497,4.969,4.616476381051588,4.736611254287569,4198941563.590044,0.7851377410290863,0.9588383042818008,886251395.8586084
2020-12-08,4.736691852226725,5.426,4.696576204136184,5.057637945281057,4479336887.0929985,0.7972928633490896,0.9599548164620928,886004583.8371291
2020-12-07,5.057219836169419,5.5,5,5.136638003110925,4550381631.075476,0.8006417770903518,0.968054836637025,885352072.1091015
2020-12-06,5.1323112753303235,5.206657737673199,5,5.193167964612774,4590329362.760587,0.8164079938891866,1.0022484521429156,885049655.7889487
2020-12-05,5.18487293994114,5.195154694446801,4.88,5.015278721554238,4433830804.624499,0.8152040676392353,1.0026476017866695,885001170.2400447
2020-12-04,5.003680731008935,5.439892889755034,4.9532010217580345,5.405550905751258,4779911100.266044,0.8347852191194006,0.9991775972883342,884115676.1653402
2020-12-03,5.404459133616729,5.569676147743805,5.32710539441884,5.448400578323023,4830727194.07663,0.854748605181628,0.9563640683449961,883895163.311081
2020-12-02,5.465251042013766,5.5449160163179805,5.005432699048531,5.085384647909544,4493271255.503991,0.8143640503757354,0.9710827603380454,882961120.834535
2020-12-01,5.086058372760368,7.569112957101006,4.926672303272686,5.378024084959302,4747960706.003179,0.8216123471584007,0.9455311541624501,881925022.515018
2020-11-30,5.380445456201926,5.595951280363953,5.1372490937206,5.197656535330294,4580837222.645315,0.850569088307645,0.9204999079169994,881721752.4587976
2020-11-29,5.195652462287004,5.208871303078205,4.806235601482449,4.891212599272206,4314924607.108698,0.8238523830692293,0.9165595210110767,881542079.0145732
2020-11-28,4.893005466525679,4.969,4.672718760972728,4.815645148272155,4248843393.5583553,0.8409281068776,0.936301562810748,881391376.14626
2020-11-27,4.740443073842646,5.075415601296055,4.502932818912276,4.804987520970664,4237649380.2654014,0.8414197946347904,0.9675377028099731,881247768.8261417
2020-11-26,4.8119299826015975,5.3835,4.436136158961493,5.30964012396712,4677181672.382794,0.8484142448393421,0.968236335619863,880989280.2096109
2020-11-25,5.301480610768256,5.862,5.124349595720117,5.7325071296890675,5047098577.654267,0.8845503501235339,0.9484694935060912,880778442.8820639
2020-11-24,5.7342258093780885,6.829258302204735,5.604848302753552,5.913905180400565,5205776800.207167,0.9500701051756553,0.9047186792310477,880567916.6206565
2020-11-23,5.9125590396096,6.07,5.41675323117125,5.511008052736329,4846675421.542802,0.9155118055096029,0.8934334635184918,880329011.1763546
2020-11-22,5.522578696092955,5.845267394694029,5.176234002259419,5.779578459602503,5063250110.108307,0.9416921587947734,0.8687842930118072,879803745.269546
2020-11-21,5.780561501048345,5.844530094116813,5.1341704117505005,5.231936547598023,4602865526.315153,0.8828174471476083,0.8534377020429513,879476229.8433069
2020-11-20,5.235188524978397,5.475738241746249,4.742934834798322,4.754875756278125,4170563339.8666797,0.840207940942196,0.8110631129468361,879317262.2386941
2020-11-19,4.7041407839689935,4.8492919067593325,4.552226324201231,4.674295943220559,4080551473.597383,0.8246365088187382,0.7530528952556728,879063983.4534408
2020-11-18,4.674289739321143,5.046207174137727,4.5018099835087995,4.858925721485087,4256486021.897727,0.8583592214123593,0.760784278999701,878858197.4516284
2020-11-17,4.780854364661509,5.021,4.481306219343554,4.487950727699923,3929935407.229596,0.836004641549657,0.7525727536399854,878666210.5462898
2020-11-16,4.491228170871461,4.592395764813443,4.332594386920012,4.36451021610757,3837498657.9539843,0.8520397595108204,0.7177555092319494,878317685.5542785
2020-11-15,4.362615223682836,4.5010732574614005,4.303033488338804,4.458378024834856,3901699398.303141,0.8568953038996799,0.7333504280383996,878131233.3405097
2020-11-14,4.458644882416919,4.550586619617955,4.349369193958221,4.537100428172599,3984114913.1136684,0.8572522375320666,0.7344770870281089,877792069.6158192
2020-11-13,4.538332346499376,4.8,4.367207557742093,4.4023792443463385,3854748849.3510094,0.83992100631578,0.7335378319518131,877499594.3904958
2020-11-12,4.402182886120198,4.811,4.314769979278857,4.448141171472915,3894054087.394758,0.8675127831379874,0.7292812642867662,877329913.8401438
2020-11-11,4.447148035256305,4.626044332755966,4.419194004718547,4.420899964743579,3761745867.128132,0.8543216970549893,0.7294992694006502,852647704.9940884
2020-11-10,4.422016932150877,4.505180472070454,4.30082357448365,4.3408214051831955,3707308736.7857943,0.8469192940060358,0.7297052747172579,852647704.0802937
2020-11-09,4.344587605527334,4.584,4.240078114556135,4.374483965738864,3732897169.9993773,0.8421342918480266,0.7279604957202731,852647705.575798
2020-11-08,4.374547206032108,4.656,4.209765835909526,4.248015185414107,3614940804.082948,0.8489501865808942,0.7362503909852673,852647705.1910899
2020-11-07,4.237932282688421,4.938,4.0797179712549125,4.584168812849141,3895341517.3065534,0.8751338205940087,0.7619719354174702,852647705.2437212
2020-11-06,4.58623755124815,5.299,4.203642278046184,4.2272609362698725,3599132208.256477,0.825749859160581,0.7184541507423027,852647705.2212272
2020-11-05,4.226179949426769,4.7,4.010910093228952,4.095292345350745,3499466955.3523707,0.8668504848400291,0.7567065011727985,852647706.0084071
2020-11-04,4.099172069045672,4.78,3.891167814275021,4.024742085614533,3425944243.494823,0.856585393693967,0.7506992306742475,852647705.2321581
2020-11-03,4.031632688333916,4.069325237032194,3.8827587636152514,4.029508943366707,3416189025.5933347,0.87262859480084,0.7543502878399306,852647704.3415802
2020-11-02,4.028045602588286,4.5,3.9575622691693555,4.224020586966648,3582988972.4764757,0.9011118262066664,0.7556175373311833,852647705.9614751
2020-11-01,4.217276474191227,4.226183970917329,4.104167411301097,4.178377831999416,3539261657.1646485,0.8876380498757744,0.7587216666958829,852647704.0636462
2020-10-31,4.17953469009666,4.299,4.062247025913794,4.087991966343704,3485904285.4061136,0.8876424775404312,0.7569859299731464,852647704.0058274
2020-10-30,4.08772813921977,4.17,3.920535876622929,4.058553605465993,3464351183.052564,0.8823221141283125,0.7600097237829424,852647704.2265337
2020-10-29,4.060691737485996,4.417226830620666,3.8463157887309056,4.362063993747363,3721205147.466542,0.9521337303183808,0.7611912677886489,852647705.2837838
2020-10-28,4.360581743400378,4.779543027690912,4.251997855879225,4.681341301763768,3988623120.391166,0.992340029115735,0.7310417920351047,852647704.2230049
2020-10-27,4.67635124676453,4.942245695547828,4.647593190339924,4.710308909402571,4018488231.4047384,1.0316366488448512,0.691413676400057,852647705.2691468
2020-10-26,4.70879283555335,4.752330322152047,4.2941992619269005,4.335532994498347,3699484546.845568,0.9448660244949904,0.6949074521353588,852647705.3047302
2020-10-25,4.335292829880538,4.498,4.2616232067142,4.356484106571545,3712812087.0385365,0.938489350724043,0.6329788742594457,852647705.0173277
2020-10-24,4.355613671672765,4.543,4.241926764822758,4.268006720705982,3639369863.617915,0.9341529469512391,0.7046681149714308,852647705.4271042
2020-10-23,4.265853994801449,4.4823141762729755,4.187924935311749,4.272030564601231,3640284875.9733043,0.9307989721762756,0.7150829383336741,852647704.6367466
2020-10-22,4.271308793873643,4.38,4.1246,4.141099676118795,3519283139.1473894,0.9193612555038722,0.718680212339764,852647704.4086407
2020-10-21,4.139040086823863,4.3,3.8948481912368424,3.9058937486854908,3331433435.859895,0.9245577671915698,0.8291716699760866,852647704.304257
2020-10-20,3.9074347792989745,4.14931572617122,3.867737875221496,3.9865666577739454,3396196312.062526,0.9417698010679149,0.8180410377997478,852647704.6537418
2020-10-19,3.9881333602649076,4.121313421047319,3.908377272648084,4.1128856160281035,3506487530.741453,0.9828891151687567,0.8371635908458627,852647705.3388135
2020-10-18,4.105966746854488,4.2,3.873,3.9684317041403494,3385328732.2613306,0.9627257672130289,0.8340021967475771,852647705.7252547
2020-10-17,3.9694398168430594,3.999,3.863504387324725,3.9120411627083564,3343316919.5045567,0.9543719690866839,0.8456923040604,852647705.874514
2020-10-16,3.913574615574204,4.1597693235304085,3.8067813469517384,4.101031187077104,3494703368.4694567,0.97619737798465,0.8441593617110973,852647705.1196322
2020-10-15,4.102679452723228,4.19276558349058,4.022107808171105,4.187438489670809,3575663413.4597816,1.0050233756328963,0.8512958595945,852647704.4686621
2020-10-14,4.187624313233403,4.387165251482347,4.076832802745328,4.253821749859154,3630147600.9556336,1.0160601721379745,0.8520895738799951,852647704.2761323
2020-10-13,4.252700101728694,4.629,4.134369102022456,4.311942874999126,3684290735.031409,1.0224950243809685,0.8623455889274089,852647705.3995392
2020-10-12,4.312265169018298,4.463,4.187578852509825,4.24947856558967,3628754034.3757286,1.023731937934643,0.9361774093786073,852647705.3266624
2020-10-11,4.248592555560639,4.3369711032803755,4.1665732953206405,4.265801105747043,3641980352.070366,1.0352722762740194,0.9363827281168978,852647705.6712191
2020-10-10,4.262598330590491,4.497,4.231310581139956,4.262169869817896,3636826069.735344,1.0516542895526162,0.9407436874170184,852647704.0307529
2020-10-09,4.258364122376067,4.3524438998121004,4.012313358000019,4.12239925703533,3508014165.8195634,1.0340609006730657,1.0021966774752227,852647705.1176895
2020-10-08,4.1177980163910535,4.170630850301821,3.6351139835985093,3.8528633215677517,3292319349.056728,0.9935664781782536,1.0243852990636821,852647705.3376278
2020-10-07,3.85240262633491,4.133,3.5999450156934545,3.7428253139602043,3195265520.4491296,0.9714337110775249,1.0021753824988697,852647704.5635499
2020-10-06,3.746407817084339,4.180084614275462,3.6045828070584554,4.157965246082638,3560006863.9383063,1.0544051494779243,1.130473506831877,852647704.7328156
2020-10-05,4.1628320342353735,4.981,4.110551847704384,4.177243811716468,3561142093.968078,1.0630868541588894,1.2545714865355753,852647705.7048124
2020-10-04,4.179923120879391,4.199298092878815,4.015388518018615,4.068319315127411,3468400336.119954,1.0491506576383491,1.3007948851477629,852647705.4230676
2020-10-03,4.06399717371169,4.169,3.974,4.1242432672958715,3513825806.165645,1.0619338742183881,1.3143767912804392,852647705.0327603
2020-10-02,4.128399402216285,4.360742891798184,3.89876506482008,4.343539155637547,3698472419.3280787,1.1048862965248483,1.3145615049437174,852647704.0577977
2020-10-01,4.345688081514112,4.5867326007587215,4.24304915567108,4.357527184215316,3709447355.5356,1.0911604307205078,1.3086250599408698,852647704.4593961
2020-09-30,4.358628665128706,4.505,4.234841143546215,4.4939350219356635,3835568532.7261987,1.1246900252458576,1.333058424865143,852647704.2078164
2020-09-29,4.498072533654049,4.608663936070531,4.377477118660568,4.39459237404819,3791597833.0265074,1.1270352014574276,1.3352822891709306,852647704.7527612
2020-09-28,4.448631579354684,4.590694311031567,4.251533839245401,4.307938470338655,3682414904.585794,1.0855990185427715,1.3332793158080285,852647704.1274877
2020-09-27,4.29881684873473,4.366846623146296,4.120378333153437,4.323557948857501,3693270340.79322,1.0956949224429868,1.369576077872087,852647705.5674589
2020-09-26,4.331382027810835,4.6,4.224576039315421,4.418582936298531,3774245062.9081016,1.1250257415391682,1.3884021286972372,852647704.2602737
2020-09-25,4.416828752513699,4.699,4.2428531211810085,4.384719239842627,3752502553.7323194,1.1245996403317133,1.4309146656751572,852647705.9150919
2020-09-24,4.381587971775701,4.475178155365494,3.901,4.008323860265383,3419092821.239082,1.0829614464361175,1.6035056429065038,852647705.4225153
2020-09-23,4.008357979402824,4.399,3.9397835695597867,4.170165480833943,3554706750.9106545,1.084122552364156,1.6529839325344284,852647704.1069005
2020-09-22,4.163996520182303,4.472,3.9,4.0783127406727635,3470271430.95283,1.07263568091011,1.6939765177086061,852647704.5994867
2020-09-21,4.066616355417861,4.712700141076902,3.9161663598995125,4.6546,3968734005.92611,1.15801338046344,2.5647043802732923,852647704.6203991
2020-09-20,4.654481479651087,4.974630897392305,4.411980847616464,4.922440181434497,4204121839.6797266,1.2026067384780266,4.245222751272748,852647705.6986678
2020-09-19,4.925529907614903,5.491,4.802468076729573,5.252213665445512,4471180204.4318905,1.2904730924968035,4.242191244914242,852647705.5993421
2020-09-18,5.261658515305104,5.641,5.100175574995453,5.333926839893466,4553257703.704055,1.3089431542747962,4.249240587943605,852647705.2732282
2020-09-17,5.334978292459697,5.554,5.0471246631839195,5.072161710429494,4325956800.479534,1.2594194543306259,4.249849235924325,852647705.6814036
2020-09-16,5.075799377707253,5.688466294335723,4.964939685798338,5.048568832416123,4310134148.402832,1.2683709765542033,4.244480897102733,852647704.9263763
2020-09-15,5.056223325445918,5.448556721998762,5.042523029881938,5.366621499509442,4571919664.707953,1.3360643321621488,4.314200238270342,852647705.7859005
2020-09-14,5.357959043213497,5.8,5.090141872246965,5.300626641924232,4522528693.866066,1.3573694841427089,4.385056586232657,852647705.3347535
2020-09-13,5.322751962569045,5.48103465408531,4.783276996504366,5.137192214964552,4389089328.291474,1.2913730106911165,4.46197055020429,852647705.3950335
2020-09-12,5.139057867903621,5.296168316911439,4.501613528601382,4.647092430087005,3968414993.916982,1.1853350163660297,4.540603694715301,852647704.7173482
2020-09-11,4.6505604773475,4.740599574578778,4.312080262642077,4.579879887885879,3907854965.0104403,1.1773077441422855,4.605372270565601,852647705.753718
2020-09-10,4.577484415809132,4.895910623309179,4.436726568691149,4.803899434609439,4017761252.6929064,1.2317039348629952,4.694780290244949,852647705.416461
2020-09-09,4.700139529704753,4.972,4.120746166076988,4.274969408500255,3643198280.2045856,1.1390381990598875,4.791460740589293,852647705.831837
2020-09-08,4.272688182213107,5.701,4.109765983868809,4.591981241003649,3926698958.1853375,1.1700273530326997,4.870356200127876,852647705.87405
2020-09-07,4.593765909566294,6,4.006277051388558,4.784163569362173,4079415109.9642825,1.2313308870034365,4.975805670827446,852647704.9786814
2020-09-06,4.783298761848913,6,3.7360613485216807,4.137067701378626,3539596415.0789456,1.0985880429161548,5.09233856272968,852647704.3525994
2020-09-05,4.1456486506376065,5.8,3.553633279430655,5.1203748791095265,4364106749.968629,1.2816782406258458,5.162580834997523,852647705.2866439
2020-09-04,5.161908041646946,6.296,4.509484938251269,5.710654775263346,4860177186.593556,1.4628186227505284,5.247483018130927,852647705.5829822
2020-09-03,5.6892406785590115,6.835,5.547218364768467,6.12826566512418,5237482349.140986,1.3921775624058155,5.37689347819175,852647705.0916606
