Date,Date,Price_Close,Price_Open,Price_High,Price_Low,Var
2020-08-31,2020-08-31,3500.31,3509.73,3514.77,3493.25,-0.002683967142771687
2020-09-01,2020-09-01,3526.65,3507.44,3528.03,3494.6,0.005476929042264454
2020-09-02,2020-09-02,3580.84,3543.76,3588.11,3535.23,0.010463462536966365
2020-09-03,2020-09-03,3455.06,3564.74,3564.85,3427.41,-0.03076802235226127
2020-09-04,2020-09-04,3426.96,3453.6,3479.15,3349.63,-0.007713690062543396
2020-09-08,2020-09-08,3331.84,3371.88,3379.97,3329.27,-0.011874681186756338
2020-09-09,2020-09-09,3398.96,3369.82,3424.77,3366.84,0.008647346149052434
2020-09-10,2020-09-10,3339.19,3412.56,3425.55,3329.25,-0.021499988278594336
2020-09-11,2020-09-11,3340.97,3352.7,3368.95,3310.47,-0.0034986727115459237
2020-09-14,2020-09-14,3383.54,3363.56,3402.93,3363.56,0.00594013485711568
2020-09-15,2020-09-15,3401.2,3407.73,3419.48,3389.25,-0.001916231626331957
2020-09-16,2020-09-16,3385.49,3411.23,3428.92,3384.45,-0.007545665346517308
2020-09-17,2020-09-17,3357.01,3346.86,3375.17,3328.82,0.0030326933304650004
2020-09-18,2020-09-18,3319.47,3357.38,3362.27,3292.4,-0.011291542810167544
2020-09-21,2020-09-21,3281.06,3285.57,3285.57,3229.1,-0.0013726689737245648
2020-09-22,2020-09-22,3315.57,3295.75,3320.31,3270.95,0.0060138056588030534
2020-09-23,2020-09-23,3236.92,3320.11,3323.35,3232.57,-0.025056398733776908
2020-09-24,2020-09-24,3246.59,3226.14,3278.7,3209.45,0.006338844563472222
2020-09-25,2020-09-25,3298.46,3236.66,3306.88,3228.44,0.01909375714471096
2020-09-28,2020-09-28,3351.6,3333.9,3360.74,3332.91,0.005309097453432862
2020-09-29,2020-09-29,3335.47,3350.92,3357.92,3327.54,-0.004610674083535349
2020-09-30,2020-09-30,3363.0,3341.21,3393.56,3340.47,0.0065215894840491805
2020-10-01,2020-10-01,3380.8,3385.87,3397.18,3361.39,-0.0014973994866901888
2020-10-02,2020-10-02,3348.44,3338.94,3369.1,3323.69,0.002845214349464201
2020-10-05,2020-10-05,3408.63,3367.27,3409.57,3367.27,0.01228294731340229
2020-10-06,2020-10-06,3360.95,3408.74,3431.56,3354.54,-0.014019843109184029
2020-10-07,2020-10-07,3419.45,3384.56,3426.26,3384.56,0.010308577776727218
2020-10-08,2020-10-08,3446.83,3434.28,3447.28,3428.15,0.00365433220354768
2020-10-09,2020-10-09,3477.13,3459.67,3482.34,3458.07,0.005046724109524907
2020-10-12,2020-10-12,3534.22,3500.02,3549.85,3499.61,0.009771372735012891
2020-10-13,2020-10-13,3511.93,3534.01,3534.01,3500.86,-0.006247860079626368
2020-10-14,2020-10-14,3488.67,3515.47,3527.94,3480.55,-0.007623447220428486
2020-10-15,2020-10-15,3483.34,3453.72,3489.08,3440.89,0.008576259801026241
2020-10-16,2020-10-16,3483.81,3493.5,3515.76,3480.45,-0.0027737226277372417
2020-10-19,2020-10-19,3426.92,3493.66,3502.42,3419.93,-0.019103175466416246
2020-10-20,2020-10-20,3443.12,3439.38,3476.93,3435.65,0.0010874052881623378
2020-10-21,2020-10-21,3435.56,3439.91,3464.86,3433.06,-0.0012645679683479828
2020-10-22,2020-10-22,3453.49,3438.5,3460.53,3415.34,0.004359459066453332
2020-10-23,2020-10-23,3465.39,3464.9,3466.46,3440.45,0.00014141822274806826
2020-10-26,2020-10-26,3400.97,3441.42,3441.42,3364.86,-0.011753869042430238
2020-10-27,2020-10-27,3390.68,3403.15,3409.51,3388.71,-0.0036642522368982426
2020-10-28,2020-10-28,3271.03,3342.48,3342.48,3268.89,-0.021376343313946475
2020-10-29,2020-10-29,3310.11,3277.17,3341.05,3259.82,0.010051355285200358
2020-10-30,2020-10-30,3269.96,3293.59,3304.93,3233.94,-0.007174542065041522
2020-11-02,2020-11-02,3310.24,3296.2,3330.14,3279.74,0.00425945027607547
2020-11-03,2020-11-03,3369.02,3336.25,3389.49,3336.25,0.009822405395279125
2020-11-04,2020-11-04,3443.44,3406.46,3486.25,3405.17,0.010855844483716239
2020-11-05,2020-11-05,3510.45,3485.74,3529.05,3485.74,0.007088882131197404
2020-11-06,2020-11-06,3509.44,3508.34,3521.58,3484.34,0.0003135385966012157
2020-11-09,2020-11-09,3550.5,3583.04,3645.99,3547.48,-0.009081673662588182
2020-11-10,2020-11-10,3545.53,3543.26,3557.22,3511.91,0.0006406529580104146
2020-11-11,2020-11-11,3572.66,3563.22,3581.16,3557.0,0.002649289126127507
2020-11-12,2020-11-12,3537.01,3562.67,3569.02,3518.58,-0.007202463321048499
2020-11-13,2020-11-13,3585.15,3552.57,3593.66,3552.57,0.009170825627644192
2020-11-16,2020-11-16,3626.91,3600.16,3628.51,3600.16,0.007430225323318964
2020-11-17,2020-11-17,3609.53,3610.31,3623.11,3588.68,-0.00021604792940211375
2020-11-18,2020-11-18,3567.79,3612.09,3619.09,3567.33,-0.012264367720627166
2020-11-19,2020-11-19,3581.87,3559.41,3585.22,3543.84,0.0063100345281942895
2020-11-20,2020-11-20,3557.54,3579.31,3581.23,3556.85,-0.006082177849920789
2020-11-23,2020-11-23,3577.59,3566.82,3589.81,3552.77,0.0030194963581004876
2020-11-24,2020-11-24,3635.41,3594.52,3642.31,3594.52,0.01137564959994655
2020-11-25,2020-11-25,3629.65,3635.5,3635.5,3617.76,-0.0016091321688900865
2020-11-27,2020-11-27,3638.35,3638.55,3644.31,3629.33,-5.4966951120713704e-05
2020-11-30,2020-11-30,3621.63,3634.18,3634.18,3594.39,-0.003453323720894322
2020-12-01,2020-12-01,3662.45,3645.87,3678.45,3645.87,0.004547611406879546
2020-12-02,2020-12-02,3669.01,3653.78,3670.96,3644.84,0.004168285994230637
2020-12-03,2020-12-03,3666.72,3668.28,3682.73,3657.17,-0.0004252674277864285
2020-12-04,2020-12-04,3699.12,3670.94,3699.2,3670.94,0.00767650792440079
2020-12-07,2020-12-07,3691.96,3694.73,3697.41,3678.88,-0.0007497164880789616
2020-12-08,2020-12-08,3702.25,3683.05,3708.45,3678.83,0.005213070688695461
2020-12-09,2020-12-09,3672.82,3705.98,3712.39,3660.54,-0.008947700743123238
2020-12-10,2020-12-10,3668.1,3659.13,3678.49,3645.18,0.0024514023825334985
2020-12-11,2020-12-11,3663.46,3656.08,3665.91,3633.4,0.002018555392661022
2020-12-14,2020-12-14,3647.49,3675.27,3697.61,3645.84,-0.007558628345672618
2020-12-15,2020-12-15,3694.62,3666.41,3695.29,3659.62,0.0076941749558832855
2020-12-16,2020-12-16,3701.17,3696.25,3711.27,3688.57,0.0013310787960771249
2020-12-17,2020-12-17,3722.48,3713.65,3725.12,3710.87,0.002377714647314617
2020-12-18,2020-12-18,3709.41,3722.39,3726.7,3685.84,-0.003487007003564919
2020-12-21,2020-12-21,3694.92,3684.28,3702.9,3636.48,0.0028879455415983237
2020-12-22,2020-12-22,3687.26,3698.08,3698.26,3676.16,-0.0029258425994028547
2020-12-23,2020-12-23,3690.01,3693.42,3711.24,3689.28,-0.0009232635335271522
2020-12-24,2020-12-24,3703.06,3694.03,3703.82,3689.32,0.0024444847497177187
2020-12-28,2020-12-28,3735.36,3723.03,3740.51,3723.03,0.003311818599366625
2020-12-29,2020-12-29,3727.04,3750.01,3756.12,3723.31,-0.006125316999154737
2020-12-30,2020-12-30,3732.04,3736.19,3744.63,3730.21,-0.0011107572152380073
2020-12-31,2020-12-31,3756.07,3733.27,3760.2,3726.88,0.006107246462216819
2021-01-04,2021-01-04,3700.65,3764.61,3769.99,3662.71,-0.0169898077091651
2021-01-05,2021-01-05,3726.86,3698.02,3737.83,3695.07,0.007798767989356505
2021-01-06,2021-01-06,3748.14,3712.2,3783.04,3705.34,0.009681590431550039
2021-01-07,2021-01-07,3803.79,3764.71,3811.55,3764.71,0.010380613646203804
2021-01-08,2021-01-08,3824.68,3815.05,3826.69,3783.6,0.002524213313062648
2021-01-11,2021-01-11,3799.61,3803.14,3817.86,3789.02,-0.0009281803983023884
2021-01-12,2021-01-12,3801.19,3801.62,3810.78,3776.51,-0.00011310967429670412
2021-01-13,2021-01-13,3809.84,3802.23,3820.96,3791.5,0.0020014570396846396
2021-01-14,2021-01-14,3795.54,3814.98,3823.6,3792.86,-0.00509570168126702
2021-01-15,2021-01-15,3768.25,3788.73,3788.73,3749.62,-0.00540550527485464
2021-01-19,2021-01-19,3798.91,3781.88,3804.53,3780.37,0.0045030513924290945
2021-01-20,2021-01-20,3851.85,3816.22,3859.75,3816.22,0.009336463830701613
2021-01-21,2021-01-21,3853.07,3857.46,3861.45,3845.05,-0.001138054574771967
2021-01-22,2021-01-22,3841.47,3844.24,3852.31,3830.41,-0.0007205585499344427
2021-01-25,2021-01-25,3855.36,3851.68,3859.23,3797.16,0.000955427242138571
2021-01-26,2021-01-26,3849.62,3862.96,3870.9,3847.78,-0.0034533104148114775
2021-01-27,2021-01-27,3750.77,3836.83,3836.83,3732.48,-0.022429974744776274
2021-01-28,2021-01-28,3787.38,3755.75,3830.5,3755.75,0.008421753311588925
2021-01-29,2021-01-29,3714.24,3778.05,3778.05,3694.12,-0.016889665303529703
2021-02-01,2021-02-01,3773.86,3731.17,3784.32,3725.62,0.01144145134100029
2021-02-02,2021-02-02,3826.31,3791.84,3843.09,3791.84,0.009090573441917327
2021-02-03,2021-02-03,3830.17,3840.27,3847.51,3816.68,-0.0026300234098123073
2021-02-04,2021-02-04,3871.74,3836.66,3872.42,3836.66,0.009143369493257137
2021-02-05,2021-02-05,3886.83,3878.3,3894.56,3874.93,0.0021994172704534833
2021-02-08,2021-02-08,3915.59,3892.59,3915.77,3892.59,0.00590866235591213
2021-02-09,2021-02-09,3911.23,3910.49,3918.35,3902.64,0.000189234597198877
2021-02-10,2021-02-10,3909.88,3920.78,3931.5,3884.94,-0.0027800590698789755
2021-02-11,2021-02-11,3916.38,3916.4,3925.99,3890.39,-5.106730671019765e-06
2021-02-12,2021-02-12,3934.83,3911.65,3937.23,3905.78,0.00592588805235638
2021-02-16,2021-02-16,3932.59,3939.61,3950.43,3923.85,-0.0017819022695139827
2021-02-17,2021-02-17,3931.33,3918.5,3933.61,3900.43,0.0032742120709454963
2021-02-18,2021-02-18,3913.97,3915.86,3921.98,3885.03,-0.0004826525973860984
2021-02-19,2021-02-19,3906.71,3921.16,3930.41,3903.07,-0.003685133990961812
2021-02-22,2021-02-22,3876.5,3885.55,3902.92,3874.71,-0.0023291425924258295
2021-02-23,2021-02-23,3881.37,3857.07,3895.98,3805.59,0.00630011900224775
2021-02-24,2021-02-24,3925.43,3873.71,3928.65,3859.6,0.013351541545443464
2021-02-25,2021-02-25,3829.34,3915.8,3925.02,3814.04,-0.022079779355431848
2021-02-26,2021-02-26,3811.15,3839.66,3861.08,3789.54,-0.0074251366006364535
2021-03-01,2021-03-01,3901.82,3842.51,3914.5,3842.51,0.01543522333058338
2021-03-02,2021-03-02,3870.29,3903.64,3906.41,3868.57,-0.008543308296871615
2021-03-03,2021-03-03,3819.72,3863.99,3874.47,3818.86,-0.011457068988273774
2021-03-04,2021-03-04,3768.47,3818.53,3843.67,3723.34,-0.0131097568959784
2021-03-05,2021-03-05,3841.94,3793.58,3851.69,3730.19,0.012747852951565573
2021-03-08,2021-03-08,3821.35,3844.39,3881.06,3819.25,-0.005993148457882776
2021-03-09,2021-03-09,3875.44,3851.93,3903.76,3851.93,0.006103433863024567
2021-03-10,2021-03-10,3898.81,3891.99,3917.35,3885.73,0.0017523169381216716
2021-03-11,2021-03-11,3939.34,3915.54,3960.27,3915.54,0.0060783442385980435
2021-03-12,2021-03-12,3943.34,3924.52,3944.99,3915.21,0.0047954909135385125
2021-03-15,2021-03-15,3968.94,3942.96,3970.08,3923.54,0.0065889585489074245
2021-03-16,2021-03-16,3962.71,3973.59,3981.04,3953.44,-0.0027380781610584154
2021-03-17,2021-03-17,3974.12,3949.57,3983.87,3935.74,0.006215866537369822
2021-03-18,2021-03-18,3915.46,3953.5,3969.62,3910.86,-0.009621854053370422
2021-03-19,2021-03-19,3913.1,3913.14,3930.12,3886.75,-1.0221970080284279e-05
2021-03-22,2021-03-22,3940.59,3916.48,3955.31,3914.16,0.00615603807500616
2021-03-23,2021-03-23,3910.52,3937.6,3949.13,3901.57,-0.006877285656237284
2021-03-24,2021-03-24,3889.14,3919.93,3942.08,3889.07,-0.007854732099807896
2021-03-25,2021-03-25,3909.52,3879.34,3919.54,3853.5,0.007779673862048656
2021-03-26,2021-03-26,3974.54,3917.12,3978.19,3917.12,0.014658728862021096
2021-03-29,2021-03-29,3971.09,3969.31,3981.83,3943.25,0.0004484406609713527
2021-03-30,2021-03-30,3958.55,3963.34,3968.01,3944.35,-0.0012085766045809754
2021-03-31,2021-03-31,3972.89,3967.25,3994.41,3966.98,0.001421639674837702
2021-04-01,2021-04-01,4019.87,3992.78,4020.63,3992.78,0.006784746467373532
2021-04-05,2021-04-05,4077.91,4034.44,4083.42,4034.44,0.010774729578330524
2021-04-06,2021-04-06,4073.94,4075.57,4086.23,4068.14,-0.0003999440569049505
2021-04-07,2021-04-07,4079.95,4074.29,4083.13,4068.31,0.0013891990997204064
2021-04-08,2021-04-08,4097.17,4089.95,4098.19,4082.54,0.0017653027543124622
2021-04-09,2021-04-09,4128.8,4096.11,4129.48,4095.51,0.007980742704663818
2021-04-12,2021-04-12,4127.99,4124.71,4131.76,4114.82,0.000795207420642844
2021-04-13,2021-04-13,4141.59,4130.1,4148.0,4124.43,0.0027820149633180262
2021-04-14,2021-04-14,4124.66,4143.25,4151.69,4120.87,-0.004486815905388317
2021-04-15,2021-04-15,4170.42,4139.76,4173.49,4139.76,0.007406226447909988
2021-04-16,2021-04-16,4185.47,4174.14,4191.31,4170.75,0.0027143315748872645
2021-04-19,2021-04-19,4163.26,4179.8,4180.81,4150.47,-0.003957127135269621
2021-04-20,2021-04-20,4134.94,4159.18,4159.18,4118.38,-0.005828071879553347
2021-04-21,2021-04-21,4173.42,4128.42,4175.02,4126.35,0.010900053773598616
2021-04-22,2021-04-22,4134.98,4170.46,4179.57,4123.69,-0.008507454813138233
2021-04-23,2021-04-23,4180.17,4138.78,4194.17,4138.78,0.010000531557608845
2021-04-26,2021-04-26,4187.62,4185.03,4194.19,4182.36,0.0006188725050955777
2021-04-27,2021-04-27,4186.72,4188.25,4193.35,4176.22,-0.0003653077060824319
2021-04-28,2021-04-28,4183.18,4185.14,4201.53,4181.78,-0.00046832364030833764
2021-04-29,2021-04-29,4211.47,4206.14,4218.78,4176.81,0.0012671951004959243
2021-04-30,2021-04-30,4181.17,4198.1,4198.1,4174.85,-0.004032776732331361
2021-05-03,2021-05-03,4192.66,4191.98,4209.39,4188.03,0.00016221451438229456
2021-05-04,2021-05-04,4164.66,4179.04,4179.04,4128.59,-0.0034409816608599367
2021-05-05,2021-05-05,4167.59,4177.06,4187.72,4160.94,-0.002267144833926315
2021-05-06,2021-05-06,4201.62,4169.14,4202.7,4147.33,0.007790575514374562
2021-05-07,2021-05-07,4232.6,4210.34,4238.04,4201.64,0.005286983949039797
2021-05-10,2021-05-10,4188.43,4228.29,4236.39,4188.13,-0.009426978755004901
2021-05-11,2021-05-11,4152.1,4150.34,4162.04,4111.53,0.0004240616431425421
2021-05-12,2021-05-12,4063.04,4130.55,4134.73,4056.88,-0.016344070402246728
2021-05-13,2021-05-13,4112.5,4074.99,4131.58,4074.99,0.009204930564246837
2021-05-14,2021-05-14,4173.85,4129.58,4183.13,4129.58,0.010720218521011928
2021-05-17,2021-05-17,4163.29,4169.92,4171.92,4142.69,-0.0015899585603561
2021-05-18,2021-05-18,4127.83,4165.94,4169.15,4125.99,-0.009147995410399496
2021-05-19,2021-05-19,4115.68,4098.45,4116.93,4061.41,0.004204028352182038
2021-05-20,2021-05-20,4159.12,4121.97,4172.8,4121.97,0.009012680829797315
2021-05-21,2021-05-21,4155.86,4168.61,4188.72,4151.72,-0.0030585734813283086
2021-05-24,2021-05-24,4197.05,4170.16,4209.52,4170.16,0.006448193834289411
2021-05-25,2021-05-25,4188.13,4205.94,4213.42,4182.52,-0.004234487415417123
2021-05-26,2021-05-26,4195.99,4191.59,4202.61,4184.11,0.0010497209889325139
2021-05-27,2021-05-27,4200.88,4201.94,4213.38,4197.78,-0.00025226443023924444
2021-05-28,2021-05-28,4204.11,4210.77,4218.36,4203.57,-0.001581658461516721
2021-06-01,2021-06-01,4202.04,4216.52,4234.12,4197.59,-0.0034341115422197623
2021-06-02,2021-06-02,4208.12,4206.82,4217.37,4198.27,0.00030902201663018193
2021-06-03,2021-06-03,4192.85,4191.43,4204.39,4167.93,0.00033878652393099076
2021-06-04,2021-06-04,4229.89,4206.05,4233.45,4206.05,0.0056680258199498686
2021-06-07,2021-06-07,4226.52,4229.34,4232.34,4215.66,-0.0006667707018115614
2021-06-08,2021-06-08,4227.26,4233.81,4236.74,4208.41,-0.0015470698968541765
2021-06-09,2021-06-09,4219.55,4232.99,4237.09,4218.74,-0.0031750606545254303
2021-06-10,2021-06-10,4239.18,4228.56,4249.74,4220.34,0.002511493274306121
2021-06-11,2021-06-11,4247.44,4242.9,4248.38,4232.25,0.001070022861721927
2021-06-14,2021-06-14,4255.15,4248.31,4255.59,4234.07,0.001610051997146921
2021-06-15,2021-06-15,4246.59,4255.28,4257.16,4238.35,-0.002042168787952755
2021-06-16,2021-06-16,4223.7,4248.87,4251.89,4202.45,-0.0059239280090941995
2021-06-17,2021-06-17,4221.86,4220.37,4232.29,4196.05,0.00035304961413330625
2021-06-18,2021-06-18,4166.45,4204.78,4204.78,4164.4,-0.009115815809626171
2021-06-21,2021-06-21,4224.79,4173.4,4226.24,4173.4,0.012313701059088593
2021-06-22,2021-06-22,4246.44,4224.61,4255.84,4217.27,0.005167340890638409
2021-06-23,2021-06-23,4241.84,4249.27,4256.6,4241.43,-0.001748535630826069
2021-06-24,2021-06-24,4266.49,4256.97,4271.28,4256.97,0.0022363324148395518
2021-06-25,2021-06-25,4280.7,4274.45,4286.12,4271.16,0.0014621764203581748
2021-06-28,2021-06-28,4290.61,4284.9,4292.14,4274.67,0.0013325865247730488
2021-06-29,2021-06-29,4291.8,4293.21,4300.52,4287.04,-0.00032842558365415493
2021-06-30,2021-06-30,4297.5,4290.65,4302.43,4287.96,0.0015964947035997726
2021-07-01,2021-07-01,4319.94,4300.73,4320.66,4300.73,0.004466683563023031
2021-07-02,2021-07-02,4352.34,4326.6,4355.43,4326.6,0.005949244210234313
2021-07-06,2021-07-06,4343.54,4356.46,4356.46,4314.37,-0.002965710691708422
2021-07-07,2021-07-07,4358.13,4351.01,4361.88,4329.79,0.0016364016630621143
2021-07-08,2021-07-08,4320.82,4321.07,4330.88,4289.37,-5.785604028631798e-05
2021-07-09,2021-07-09,4369.55,4329.38,4371.6,4329.38,0.009278464814823386
2021-07-12,2021-07-12,4384.63,4372.41,4386.68,4364.03,0.002794797377190212
2021-07-13,2021-07-13,4369.21,4381.07,4392.37,4366.92,-0.0027071012332602934
2021-07-14,2021-07-14,4374.3,4380.11,4393.68,4362.36,-0.0013264507055757713
2021-07-15,2021-07-15,4360.03,4369.02,4369.02,4340.7,-0.002057669683361644
2021-07-16,2021-07-16,4327.16,4367.43,4375.09,4322.53,-0.009220525572247394
2021-07-19,2021-07-19,4258.49,4296.4,4296.4,4233.13,-0.008823666325295564
2021-07-20,2021-07-20,4323.06,4265.11,4336.84,4262.05,0.013586988377791131
2021-07-21,2021-07-21,4358.69,4331.13,4359.7,4331.13,0.006363235460491717
2021-07-22,2021-07-22,4367.48,4361.27,4369.87,4350.06,0.0014238971675679623
2021-07-23,2021-07-23,4411.79,4381.2,4415.18,4381.2,0.006982105359262336
2021-07-26,2021-07-26,4422.3,4409.58,4422.73,4405.45,0.00288462846801742
2021-07-27,2021-07-27,4401.46,4416.38,4416.38,4372.51,-0.003378332480447804
2021-07-28,2021-07-28,4400.64,4402.95,4415.47,4387.01,-0.0005246482471977857
2021-07-29,2021-07-29,4419.15,4403.59,4429.97,4403.59,0.0035334806373889236
2021-07-30,2021-07-30,4395.26,4395.12,4412.25,4389.65,3.18535102569048e-05
2021-08-02,2021-08-02,4387.16,4406.86,4422.18,4384.81,-0.004470303118320033
2021-08-03,2021-08-03,4423.15,4392.74,4423.79,4373.0,0.006922786233649125
2021-08-04,2021-08-04,4402.66,4415.95,4416.17,4400.23,-0.003009544945028808
2021-08-05,2021-08-05,4429.1,4408.86,4429.76,4408.86,0.004590755887009497
2021-08-06,2021-08-06,4436.52,4429.07,4440.82,4429.07,0.0016820686961372766
2021-08-09,2021-08-09,4432.35,4437.77,4439.39,4424.74,-0.0012213341385425725
2021-08-10,2021-08-10,4436.75,4435.79,4445.21,4430.03,0.00021642142662299982
2021-08-11,2021-08-11,4447.7,4442.18,4449.44,4436.42,0.001242633121575336
2021-08-12,2021-08-12,4460.83,4446.08,4461.77,4435.96,0.0033175291492730675
2021-08-13,2021-08-13,4468.0,4464.84,4468.37,4460.82,0.0007077521254960658
2021-08-16,2021-08-16,4479.71,4461.65,4480.26,4437.66,0.0040478298387368805
2021-08-17,2021-08-17,4448.08,4462.12,4462.12,4417.83,-0.0031464864234937574
2021-08-18,2021-08-18,4400.27,4440.94,4454.32,4397.59,-0.009157971060180766
2021-08-19,2021-08-19,4405.8,4382.44,4418.61,4367.73,0.005330363906864802
2021-08-20,2021-08-20,4441.67,4410.56,4444.35,4406.8,0.0070535260828556165
2021-08-23,2021-08-23,4479.53,4450.29,4489.88,4450.29,0.006570358336198266
2021-08-24,2021-08-24,4486.23,4484.4,4492.81,4482.28,0.0004080813486753919
2021-08-25,2021-08-25,4496.19,4490.45,4501.71,4485.66,0.0012782683250007866
2021-08-26,2021-08-26,4470.0,4493.75,4495.9,4468.99,-0.005285118219749653
2021-08-27,2021-08-27,4509.37,4474.1,4513.33,4474.1,0.00788314968373517
2021-08-30,2021-08-30,4528.79,4513.76,4537.36,4513.76,0.003329818156038368
2021-08-31,2021-08-31,4522.68,4529.75,4531.39,4515.8,-0.0015607925382194843
2021-09-01,2021-09-01,4524.09,4528.8,4537.11,4522.02,-0.0010400105988341362
2021-09-02,2021-09-02,4536.95,4534.48,4545.85,4524.66,0.0005447151602830434
2021-09-03,2021-09-03,4535.43,4532.42,4541.45,4521.3,0.0006641043857365862
2021-09-07,2021-09-07,4520.03,4535.38,4535.38,4513.0,-0.0033845014089228164
2021-09-08,2021-09-08,4514.07,4518.09,4521.79,4493.95,-0.000889756512154569
2021-09-09,2021-09-09,4493.28,4513.02,4529.9,4492.07,-0.004374011194278042
2021-09-10,2021-09-10,4458.58,4506.92,4520.47,4457.66,-0.010725728435383842
2021-09-13,2021-09-13,4468.73,4474.81,4492.99,4445.7,-0.0013587169064163253
2021-09-14,2021-09-14,4443.05,4479.33,4485.68,4435.46,-0.008099425583736797
2021-09-15,2021-09-15,4480.7,4447.49,4486.87,4438.37,0.00746713314701102
2021-09-16,2021-09-16,4473.75,4477.09,4485.87,4443.8,-0.0007460202944323535
2021-09-17,2021-09-17,4432.99,4469.74,4471.52,4427.76,-0.008221954744571273
2021-09-20,2021-09-20,4357.73,4402.95,4402.95,4305.91,-0.01027038689969231
2021-09-21,2021-09-21,4354.19,4374.45,4394.87,4347.96,-0.004631439380950798
2021-09-22,2021-09-22,4395.64,4367.43,4416.75,4367.43,0.0064591762203401164
2021-09-23,2021-09-23,4448.98,4406.75,4465.4,4406.75,0.009583026039598245
2021-09-24,2021-09-24,4455.48,4438.04,4463.12,4430.27,0.003929662643869726
2021-09-27,2021-09-27,4443.11,4442.12,4457.3,4436.19,0.00022286655921041794
2021-09-28,2021-09-28,4352.63,4419.54,4419.54,4346.33,-0.015139584662657166
2021-09-29,2021-09-29,4359.46,4362.41,4385.57,4355.08,-0.0006762317159551299
2021-09-30,2021-09-30,4307.54,4370.67,4382.55,4306.24,-0.014444009728485589
2021-10-01,2021-10-01,4357.04,4317.16,4375.19,4288.52,0.009237554318116565
2021-10-04,2021-10-04,4300.46,4348.84,4355.51,4278.94,-0.011124805695311877
2021-10-05,2021-10-05,4345.72,4309.87,4369.23,4309.87,0.008318116323694303
2021-10-06,2021-10-06,4363.55,4319.57,4365.57,4290.49,0.010181568998766191
2021-10-07,2021-10-07,4399.76,4383.73,4429.97,4383.73,0.00365670330973866
2021-10-08,2021-10-08,4391.34,4406.51,4412.02,4386.22,-0.0034426337396261603
2021-10-11,2021-10-11,4361.19,4385.44,4415.88,4360.59,-0.0055296617899230184
2021-10-12,2021-10-12,4350.65,4368.31,4374.89,4342.09,-0.004042753376019733
2021-10-13,2021-10-13,4363.8,4358.01,4372.87,4329.92,0.0013285880482146583
2021-10-14,2021-10-14,4438.26,4386.75,4439.73,4386.75,0.01174217815011118
2021-10-15,2021-10-15,4471.37,4447.69,4475.82,4447.69,0.005324112067163021
2021-10-18,2021-10-18,4486.46,4463.72,4488.75,4447.47,0.005094405563072903
2021-10-19,2021-10-19,4519.63,4497.34,4520.4,4496.41,0.004956263035483188
2021-10-20,2021-10-20,4536.19,4524.42,4540.87,4524.4,0.002601438416415701
2021-10-21,2021-10-21,4549.78,4532.24,4551.44,4526.89,0.0038700510123029592
2021-10-22,2021-10-22,4544.9,4546.12,4559.67,4524.0,-0.0002683607119918204
2021-10-25,2021-10-25,4566.48,4553.69,4572.62,4537.36,0.0028087111770893416
2021-10-26,2021-10-26,4574.79,4578.69,4598.53,4569.17,-0.0008517720133923975
2021-10-27,2021-10-27,4551.68,4580.22,4584.57,4551.66,-0.006231141735549813
2021-10-28,2021-10-28,4596.42,4562.84,4597.55,4562.84,0.007359451569636438
2021-10-29,2021-10-29,4605.38,4572.87,4608.08,4567.59,0.007109320842271969
2021-11-01,2021-11-01,4613.67,4610.62,4620.34,4595.06,0.0006615162385970177
2021-11-02,2021-11-02,4630.65,4613.34,4635.15,4613.34,0.0037521622078579707
2021-11-03,2021-11-03,4660.57,4630.65,4663.46,4621.19,0.006461295930376961
2021-11-04,2021-11-04,4680.06,4662.93,4683.0,4662.59,0.003673655834421728
2021-11-05,2021-11-05,4697.53,4699.26,4718.5,4681.32,-0.00036814306933442137
2021-11-08,2021-11-08,4701.7,4701.48,4714.92,4694.39,4.67937755771065e-05
2021-11-09,2021-11-09,4685.25,4707.25,4708.53,4670.87,-0.00467364172287429
2021-11-10,2021-11-10,4646.71,4670.26,4684.85,4630.86,-0.005042545811154021
2021-11-11,2021-11-11,4649.27,4659.39,4664.55,4648.31,-0.0021719581318584385
2021-11-12,2021-11-12,4682.85,4655.24,4688.47,4650.77,0.005930950928416276
2021-11-15,2021-11-15,4682.8,4689.3,4697.42,4672.86,-0.0013861343910604993
2021-11-16,2021-11-16,4700.9,4679.42,4714.95,4679.42,0.00459031247462283
2021-11-17,2021-11-17,4688.67,4701.5,4701.5,4684.41,-0.0027289163033074396
2021-11-18,2021-11-18,4704.54,4700.72,4708.8,4672.78,0.0008126414676899941
2021-11-19,2021-11-19,4697.96,4708.44,4717.75,4694.22,-0.0022257902829811074
2021-11-22,2021-11-22,4682.94,4712.0,4743.83,4682.17,-0.006167232597623175
2021-11-23,2021-11-23,4690.7,4678.48,4699.39,4652.66,0.002611959439818115
2021-11-24,2021-11-24,4701.46,4675.78,4702.87,4659.89,0.005492131794053675
2021-11-26,2021-11-26,4594.62,4664.63,4664.63,4585.43,-0.015008693079622654
2021-11-29,2021-11-29,4655.27,4628.75,4672.95,4625.26,0.0057294085876317445
2021-11-30,2021-11-30,4567.0,4640.25,4646.02,4560.0,-0.015785787403695923
2021-12-01,2021-12-01,4513.04,4602.82,4652.94,4510.27,-0.019505433625473027
2021-12-02,2021-12-02,4577.1,4504.73,4595.46,4504.73,0.016065335769291568
2021-12-03,2021-12-03,4538.43,4589.49,4608.03,4495.12,-0.01112541916422075
2021-12-06,2021-12-06,4591.67,4548.37,4612.6,4540.51,0.009519893940026907
2021-12-07,2021-12-07,4686.75,4631.97,4694.04,4631.97,0.011826501466978357
2021-12-08,2021-12-08,4701.21,4690.86,4705.06,4674.52,0.002206418439262814
2021-12-09,2021-12-09,4667.45,4691.0,4695.26,4665.98,-0.0050202515455127225
2021-12-10,2021-12-10,4712.02,4687.64,4713.57,4670.24,0.0052009113327815505
2021-12-13,2021-12-13,4668.97,4710.3,4710.3,4667.6,-0.008774388043224408
2021-12-14,2021-12-14,4634.09,4642.99,4660.47,4606.52,-0.0019168682250014833
2021-12-15,2021-12-15,4709.85,4636.46,4712.6,4611.22,0.015828886693727614
2021-12-16,2021-12-16,4668.67,4719.13,4731.99,4651.89,-0.010692648856886764
2021-12-17,2021-12-17,4620.64,4652.5,4666.7,4600.22,-0.006847931219774245
2021-12-20,2021-12-20,4568.02,4587.9,4587.9,4531.1,-0.004333137165151638
